control,StartDate,EndDate,Duration,RecordedDate,ResponseId,Prolific ID,avg_learn_art,Consent_3,Age,Gender,Ethnicity,Education,Income,avg_learn_phil,accuracy_pre,accuracy_post,confi_trial_pre,confi_trial_post,happy_pre_1,understanding_pre_1,Q1_pre,Q1_confi_pre_1,attention_slider_1_1,Q2_pre,Q2_confi_pre_1,Q3_pre,Q3_confi_pre_1,Q4_pre,Q4_confi_pre_1,Q5_pre,Q5_confi_pre_1,Q6_pre,Q6_confi_pre_1,Q7_pre,Q7_confi_pre_1,Q8_pre,Q8_confi_pre_1,Q9_pre,Q9_confi_pre_1,Q10_pre,Q10_confi_pre_1,confidence_1_1,Q1_post,Q1_confi_1,Q1_learn_1,Q2_post,Q2_confi_1,Q2_learn_1,Q3_post,Q3_confi_1,Q3_learn_1,Q4_post,Q4_confi_1,Q4_learn_1,Q5_post,Q5_confi_1,Q5_learn_1,Q6_post,Q6_confi_1,Q6_learn_1,Q7_post,Q7_confi_1,Q7_learn_1,Q8_post,Q8_confi_1,Q8_learn_1,Q9_post,Q9_confi_1,Q9_learn_1,Q10_post,Q10_confi_1,attention_slider_2_1,Q10_learn_1,Confidence_2_1,happy_post_1,understanding_post_1,attention_slider_3_1,Q279,Q280,Q281,condition
noai,2026-02-03 11:15:29,2026-02-03 11:22:39,430,2026-02-03 11:22:40,R_8cA0X3AaNOXvaMh,5f7248a45a717f16c09d1dec,65,4,27,2,1,4,4,62.2,0.5,0.4,9.4,47.4,76,53,3,0,100,2,0,1,48,2,15,1,0,3,0,3,31,1,0,1,0,3,0,10,3,63,100,1,81,58,2,86,57,1,10,52,1,75,46,3,10,28,2,70,100,2,55,84,1,0,38,3,24,0,59,30,83,9,50,,Perceived knowledge vs actual and how that impacts desire to learn more about subjects,No,control
ai,2025-11-12 05:54:42,2025-11-12 06:14:50,1208,2025-11-12 06:14:51,R_2zJlSQybDtnYRiN,65e4a6bdde84e615dcac2651,0,4,32,2,1,3,3,0,0.6,0.5,6,24.8,77,15,2,0,100,3,0,1,47,1,0,3,0,1,0,3,4,1,0,2,9,1,0,31,3,0,0,3,0,0,1,52,0,3,78,0,1,0,0,1,0,0,3,19,0,1,49,0,1,50,0,2,0,0,0,21,79,3,50,"It's made me realise how complicated philosophy is, which I didn't realise before.",Memory around retaining new information,None,sycophantic
ai,2025-11-12 06:04:59,2025-11-12 06:16:01,662,2025-11-12 06:16:02,R_8Hql6em8acqTsyr,67efcad870129b5d1f122c8d,0,4,56,1,1,5,4,0,0.2,0.3,0,0,90,27,4,0,100,3,0,3,0,3,0,2,0,2,0,3,0,2,0,3,0,1,0,31,1,0,0,1,0,0,2,0,0,1,0,0,2,0,0,2,0,0,3,0,0,2,0,0,2,0,0,3,0,0,0,31,87,3,51,"Honestly, I'm not very interested in philosophy so the AI didnt really interest me.",AI text,,sycophantic
ai,2025-11-12 05:50:20,2025-11-12 06:30:09,2388,2025-11-12 06:30:09,R_28P8vOnb4i5vw4b,66a807a37c3608e587480d4f,0,4,30,1,1,3,2,0,0.6,0.7,0,0,49,37,3,0,100,1,0,1,0,2,0,1,0,1,0,3,0,1,0,2,0,1,0,21,1,0,0,1,0,0,3,0,0,3,0,0,1,0,0,1,0,0,1,0,0,1,0,0,1,0,0,2,0,0,0,11,0,13,51,It was encouraging,How AI feedback affects my confidence in answering questions,No,sycophantic
ai,2025-11-12 06:19:57,2025-11-12 06:47:02,1625,2025-11-12 06:47:03,R_1lYvtKam2Os5KIJ,67e1fa87e8aa9b415b7efafa,0,4,65,2,1,5,5,0,0.6,0.5,0,34.7,100,53,3,0,100,3,0,1,0,1,0,2,0,1,0,3,0,1,0,2,0,3,0,41,1,45,0,3,48,0,1,51,0,1,52,0,3,49,0,1,0,0,2,50,0,1,52,0,3,0,0,2,0,0,0,51,100,50,50,helping me gain a little more understanding of philosophy,human response to AI helping an individual learn more about something,interesting study . . .and I learned a few things!,sycophantic
ai,2025-11-14 15:49:22,2025-11-14 16:01:36,733,2025-11-14 16:01:36,R_5MqoNkhKqsP6NjP,63ea547c9873e55d6bed4864,0,4,26,2,4,4,5,0,0.3,0.6,20.8,5.5,100,27,3,74,100,2,0,2,0,2,20,1,51,3,28,3,35,1,0,2,0,3,0,21,2,7,0,1,11,0,2,0,0,1,0,0,1,0,0,1,11,0,2,26,0,2,0,0,1,0,0,1,0,0,0,11,59,1,50,no,see about how people felt about philosophy,,sycophantic
ai,2025-11-15 04:38:23,2025-11-15 05:01:11,1367,2025-11-15 05:01:11,R_2jYSA6aLQLgtIiS,5ff07751f4e233420c6fe50f,5,4,34,2,1,4,1,1.1,0.2,0.1,6.1,3.3,39,35,2,58,100,2,0,2,0,1,3,2,0,3,0,3,0,1,0,3,0,2,0,11,3,9,5,3,0,0,3,0,0,3,13,0,3,3,2,1,3,4,2,0,0,2,0,0,3,3,0,2,2,0,0,11,31,28,47,no,memory,no,sycophantic
ai,2025-11-14 15:28:22,2025-11-14 15:45:50,1047,2025-11-14 15:45:50,R_8F51zsDKrfu06TP,673ca7a510453b9c34c700d2,0,4,57,2,1,2,7,3.1,0.3,0.2,0,0,84,0,2,0,100,3,0,1,0,2,0,3,0,2,0,3,0,3,0,1,0,2,0,31,3,0,31,2,0,0,3,0,0,3,0,0,1,0,0,3,0,0,3,0,0,1,0,0,3,0,0,3,0,0,0,1,67,0,46,It hasnt influenced me at all,ai,,sycophantic
ai,2025-11-15 04:43:54,2025-11-15 04:58:29,874,2025-11-15 04:58:30,R_21BQHVeqGjvHjkC,5f58f4c7cb024e0c3caee284,14,4,25,2,1,4,4,7.7,0.5,0.3,2.6,3.6,7,5,4,13,100,3,0,2,0,1,13,2,0,1,0,1,0,2,0,1,0,2,0,21,2,0,0,1,0,0,1,0,0,2,0,6,3,0,22,2,0,4,3,12,7,2,8,20,2,16,0,1,0,0,18,11,40,4,50,It made me believe more in myself,Memory??,,sycophantic
ai,2025-11-15 04:37:35,2025-11-15 05:10:42,1986,2025-11-15 05:10:42,R_8AXp4LEFcRxyqGy,6661c9ae13d2c1b196d73a43,0,4,63,1,1,3,2,8.9,0.5,0.6,18.5,21.2,82,12,2,23,100,1,12,1,46,1,16,2,16,3,8,2,20,1,6,1,10,1,28,21,1,14,23,1,22,9,1,51,7,3,23,5,2,8,9,3,7,4,2,30,9,1,12,3,1,15,12,1,30,11,8,11,82,15,50,Having little knowledge of philosophy the AI feedback influenced me greatly,If we could gain knowledge and if we believed what the AI was telling us,,sycophantic
ai,2025-11-15 04:55:29,2025-11-15 05:10:29,899,2025-11-15 05:10:29,R_8CgkwDqFesJWv7a,5b21377de5cd900001125aa2,2,4,53,1,1,4,5,12.1,0.6,0.6,13.1,12.1,72,77,3,17,100,3,9,1,13,3,33,2,14,1,14,1,11,3,0,2,2,1,18,11,1,10,9,1,12,7,2,11,11,3,14,15,2,11,12,1,14,13,1,9,13,1,13,15,1,15,14,3,12,0,12,11,83,14,50,Not at all,No idea,Nope,sycophantic
ai,2025-11-12 06:08:27,2025-11-12 06:23:32,904,2025-11-12 06:23:32,R_8R42iTgGsdxpbc4,67059f2dc5b623cb8a13d549,84,4,30,2,1,4,2,16,0.6,0.9,32.4,48.8,54,64,4,0,100,3,0,1,100,1,59,1,37,3,17,3,0,3,0,1,60,1,51,31,1,10,59,1,94,0,1,62,17,1,26,0,1,100,56,1,0,0,1,11,28,1,86,0,1,95,0,3,4,0,0,41,55,45,50,I'm not sure - I think I just accepted the answers it gave me as being correct and used the knowledge from the AI responses to answer the later questions. I found the politeness and platitudes from the AI to be quite overbearing and would have preferred it to just be a little more straightforward without all the niceties.,Maybe how AI influences learning based on how blunt/polite/confrontational it is?,No.,sycophantic
ai,2025-11-12 05:56:21,2025-11-12 06:08:12,710,2025-11-12 06:08:12,R_2kYtvXIiDdG9TfR,66d1d1c3e75fc3f59ec10076,42,4,45,2,1,5,3,17.9,0.5,0.7,9.3,18.7,50,38,3,17,100,1,6,1,5,3,27,3,8,1,4,3,4,1,8,2,8,1,6,60,1,35,17,1,13,23,1,43,23,2,15,18,1,12,22,1,11,12,2,9,15,3,25,12,1,11,21,1,13,0,16,41,43,44,49,It got me thinking more about the concepts,if I could learn anything from the AI feedback,no,sycophantic
ai,2025-11-14 15:14:23,2025-11-14 15:27:15,772,2025-11-14 15:27:16,R_7mUwQ8kQRk4dgyU,6672eca69514ef9e82e7f0b8,53,4,34,2,1,4,6,18.9,0.4,0.7,50.6,79.4,72,64,4,43,100,2,59,1,79,3,56,1,6,3,44,3,77,1,64,1,53,3,25,41,3,95,38,1,77,21,1,100,63,3,92,4,1,84,9,1,100,17,1,52,0,3,100,22,1,31,15,1,63,0,0,80,70,23,52,It made me think about how I wish AI was a little less empathetic when used to provide a correct answer vs incorrect answer. Sometimes it took a sentence or two before I really understood what the correct answer was.,AI corrections as a comprehension tool.,,sycophantic
ai,2025-11-15 04:40:58,2025-11-15 04:55:11,852,2025-11-15 04:55:11,R_2v8NRDzY4sHQZxS,65fc61d874fb81c86e248af3,16,4,29,2,3,5,3,22,0.5,0.3,19.7,36.3,48,31,3,23,100,2,5,1,11,1,25,1,0,3,0,3,54,1,63,2,16,2,0,60,1,10,8,3,5,15,1,50,38,2,82,38,2,0,0,2,9,18,2,45,42,1,100,35,3,27,20,3,35,0,6,51,48,54,50,Not at all,If AI helps one learn or memorise new concepts,"attention check to move to the middle, where exactly? I hope you don't penalise based on where the slider was moved",sycophantic
ai,2025-11-12 06:17:41,2025-11-12 06:32:33,892,2025-11-12 06:32:33,R_8qEmfNXv3HTl8VW,66e7111172fd5ff2983a9690,22,4,38,2,1,4,2,23.1,0.3,0.6,24.2,20.9,82,49,3,48,100,2,21,1,5,2,22,2,5,3,14,3,49,3,13,2,46,1,19,21,1,48,52,1,18,25,2,21,23,1,15,23,3,30,50,1,18,11,2,9,17,1,20,9,1,14,13,3,16,0,8,11,69,23,51,It was quite positive even when i was wrong,AI responses to correct and incorrect answers and how it is perceived by the person receiving feedback,The sliding scale was difficult to use,sycophantic
ai,2025-11-14 15:04:07,2025-11-14 15:22:39,1112,2025-11-14 15:22:40,R_8lt01frY4aC26MF,664dedb536c0a3f6e482985c,10,4,34,2,1,3,4,23.2,0.6,0.7,28.4,63.7,75,65,2,13,100,3,46,1,50,1,32,1,10,1,8,3,55,1,38,2,21,2,11,31,1,64,42,1,49,15,1,93,80,3,65,15,1,90,0,1,92,11,2,38,5,1,43,46,1,85,13,2,18,0,5,60,72,12,50,It made me feel good for giving the questions a try.,Our impression of the AI assistant.,,sycophantic
ai,2025-11-12 06:10:46,2025-11-12 06:27:47,1021,2025-11-12 06:27:48,R_8QL6ihouhrhJvmt,62b4548f1ec615632d50d4a7,2,4,35,2,1,4,5,23.3,0.5,0.7,12.2,23.7,30,21,4,0,100,3,51,1,14,1,53,3,0,3,4,3,0,1,0,2,0,1,0,31,3,22,42,1,20,25,1,80,17,1,35,27,1,2,10,1,0,0,1,36,30,1,26,33,3,0,19,3,16,16,30,21,35,29,50,no,How you take in getting something wrong and hearing the right answer via AI,,sycophantic
ai,2025-11-12 05:53:39,2025-11-12 06:09:00,921,2025-11-12 06:09:01,R_264kb4NtFQTqQLO,676a9b211664b1f6c32244af,0,4,45,1,8,3,1,23.9,0.6,0.4,21,53.5,48,25,3,25,100,2,0,2,1,3,70,1,22,1,2,3,23,1,0,1,62,1,5,60,3,51,25,1,14,4,3,26,12,3,58,27,1,64,46,3,57,30,3,41,12,1,100,16,1,82,44,2,42,12,23,60,51,3,51,Yes - I trust AI's answers,Influence of AI in decision making,This was a good study,sycophantic
ai,2025-11-15 04:39:12,2025-11-15 05:08:49,1777,2025-11-15 05:08:50,R_87Hxtahng36A8LE,66c0af35f57fae682f0641a1@email.prolific.com,36,4,37,1,2,5,1,25.2,0.6,0.4,13.4,34,59,19,3,13,100,2,2,1,100,2,4,3,2,1,3,2,2,1,3,1,3,1,2,80,1,2,59,1,100,37,2,100,2,3,2,2,3,2,2,3,2,2,1,3,27,2,2,2,1,100,48,2,27,2,71,51,71,47,49,it motivated me to answer more questions,AI interactions with humans,,sycophantic
ai,2025-11-14 15:20:33,2025-11-14 15:33:25,771,2025-11-14 15:33:25,R_3no4lJvCUhRiRM7,663f5eed73659900df143c29,17,4,36,2,1,4,3,25.8,0.4,0.4,3.6,16.2,8,0,2,5,100,3,3,2,3,3,7,3,5,1,3,3,3,1,3,2,2,1,2,1,1,0,11,2,7,29,2,6,12,3,55,22,3,3,3,1,3,6,2,2,5,2,15,68,1,20,62,1,51,34,40,11,3,35,49,"It was informative and provided good information, however, it seemed a little too flattering when answers were incorrect. Flattering to the point it was disingenuous. ",AI responses,The slider option was hard to select. Make the slider bar bigger.,sycophantic
ai,2025-11-14 15:19:07,2025-11-14 15:31:41,754,2025-11-14 15:31:41,R_2F7FknOb7zDS5k5,6659fdebb655a078b9cfce41,66,4,31,2,1,5,2,26.8,0.6,0.6,25,42.3,77,25,3,32,100,1,23,1,71,1,11,1,16,3,18,3,29,1,18,2,19,1,13,60,1,47,19,1,21,54,2,15,25,3,72,31,1,67,21,2,52,28,2,21,32,1,88,15,1,18,29,1,22,0,14,60,71,30,50,It's only influenced me in the sense that I thought back to its feedback in the second quiz,Not sure,,sycophantic
ai,2025-11-15 04:57:34,2025-11-15 05:13:26,952,2025-11-15 05:13:27,R_289ZoMuxjUflFyF,57d72819631235000138a6f6,100,4,53,2,1,6,2,28.6,0.6,0.5,8.3,50.5,72,62,3,20,100,3,2,1,4,1,6,2,2,3,1,3,24,1,20,2,1,1,3,51,1,100,45,1,10,9,3,85,22,3,73,39,1,4,27,3,83,43,3,6,16,1,68,40,1,67,20,2,9,26,25,41,30,33,52,Not at all,Responses to AI learning and the feedback given,I found my concentration went the longer it went on. I was more focused in the first set of questions so this would affect AI learning tools,sycophantic
ai,2025-11-15 04:39:50,2025-11-15 05:00:46,1256,2025-11-15 05:00:47,R_8tww9lerW4Vr7SF,675b08bbe8b869e0a4aaa793,8,4,53,1,1,3,2,29.4,0.3,0.2,0.4,0,21,2,3,2,100,1,2,2,0,3,0,3,0,1,0,3,0,1,0,2,0,2,0,11,1,0,40,2,0,40,3,0,43,3,0,21,3,0,35,1,0,30,2,0,25,3,0,18,2,0,30,3,0,0,12,11,21,5,49,it didnt,philosophy,,sycophantic
ai,2025-11-14 15:57:45,2025-11-14 16:17:57,1212,2025-11-14 16:17:58,R_2MSzRpPi1N83CwX,6765faff976fdcf31c7dbd98,0,4,35,1,1,4,2,30.3,0.5,0.2,21.3,39.6,78,42,4,5,100,3,0,1,100,1,34,3,0,1,11,3,50,1,0,2,13,2,0,41,3,74,84,3,84,0,2,37,92,2,20,50,3,0,0,3,7,7,2,0,20,2,0,0,1,100,50,1,74,0,0,31,80,57,51,"When i was asked questions in the second round, if i remembered the ai bringing it up, i tried to use what it had taught me to pick the correct answer, so it made me more thoughtful and engage with the questions more and take a more educated guess.",If AI feedback could improve knowledge of a subject or willingness to learn.,,sycophantic
ai,2025-11-14 15:11:21,2025-11-14 15:24:56,814,2025-11-14 15:24:57,R_8DHNxCmGnGY0YyB,677841f94ba2c8fc558e6171,47,4,28,1,1,3,3,31.6,0.4,0.2,29.2,45.9,59,31,4,27,100,2,9,3,39,3,16,1,14,2,39,3,51,1,36,1,13,1,48,21,3,34,36,3,52,37,1,51,35,3,44,35,3,29,25,1,46,25,2,29,26,2,56,34,3,50,31,3,68,39,32,31,64,36,51,It has given me a greater understanding of philosophy.,AI's ability to understand human philosophical thought.,N/A,sycophantic
ai,2025-11-15 04:39:32,2025-11-15 05:04:04,1471,2025-11-15 05:04:04,R_2qgdebN7vqewySH,677545caf59707888206f9e1,0,4,47,2,1,3,3,34.7,0.2,0.2,20.1,24,37,12,3,17,100,1,13,1,9,3,11,3,15,2,18,2,50,2,20,2,17,3,31,11,1,4,53,3,57,38,2,4,7,3,30,66,2,11,7,2,19,45,3,16,14,1,17,48,3,20,27,3,62,0,42,11,39,26,49,No this has not influenced me at all,The response that AI replied to a question.,,sycophantic
ai,2025-11-15 04:45:53,2025-11-15 05:06:13,1220,2025-11-15 05:06:14,R_2rIxizJGfRs24vZ,67e04653f72e455c5cb22f12,20,4,66,1,1,4,3,35,0.6,0.4,20.4,34.6,68,55,4,33,100,3,19,1,18,1,36,1,21,1,17,3,14,1,15,2,16,2,15,51,1,23,29,3,29,35,1,80,77,3,16,18,1,76,45,2,21,17,3,25,31,3,29,53,3,22,27,1,25,0,18,41,76,31,48,"It's many, many years since I've studied philosophy to any serious degree but I did have some interest in it, so maybe I'll do some more reading",Whether I had a basic understanding of philosophy,I enjoyed doing the study,sycophantic
ai,2025-11-14 15:17:38,2025-11-14 15:32:02,864,2025-11-14 15:32:03,R_22xKRxV7bzOWc1X,60f5a1df58e2d70959c0545f,3,4,27,1,1,3,1,35.7,0.2,0.4,11.8,42.4,8,8,3,20,100,2,0,3,0,1,8,2,2,2,0,3,81,2,5,2,2,3,0,11,1,23,33,3,11,43,1,100,29,3,84,69,3,10,17,2,8,37,1,62,44,1,100,39,3,17,28,3,9,26,18,21,6,3,50,it was positive and i appreciate the little end sentiment to keep going even if i was incorrect,how well the ai could help me learn the philosophy,no,sycophantic
ai,2025-11-15 04:56:03,2025-11-15 05:25:55,1792,2025-11-15 05:25:56,R_81jQYXEKe7Zt5bL,681c888ef89160c6b131dce8,22,4,32,2,2,5,2,36.7,0.2,0.3,19.2,24.9,50,38,2,40,100,2,14,2,17,3,28,1,12,3,21,2,12,1,20,2,0,2,28,21,3,26,27,3,21,24,3,28,42,3,23,33,1,50,39,1,15,18,2,9,14,3,53,43,1,15,36,2,9,0,91,21,58,4,49,"It made me look forward to the answer, doesn't matter if I miss it or not. ",The influence of an AI agent in giving feedback on art topics,,sycophantic
ai,2025-11-14 15:30:40,2025-11-14 16:12:08,2488,2025-11-14 16:12:09,R_2g55PKaYYeZ2T6d,676b24007b0a13eef244f7bf,66,4,34,2,2,4,2,38.8,0.7,0.4,53.4,31.1,42,52,2,29,100,3,81,3,29,1,73,1,64,1,26,2,36,1,82,1,42,1,72,60,1,51,64,2,16,28,2,39,45,1,36,39,1,27,54,3,29,45,2,46,28,1,18,23,3,20,23,3,29,34,39,21,33,46,53,it didnt,not entirely sure,none,sycophantic
ai,2025-11-14 15:16:19,2025-11-14 15:38:01,1301,2025-11-14 15:38:02,R_5qsmINNxRxdafIn,676b0be92c12b179dbb0349b,53,4,69,2,1,3,2,40,0.5,0.5,68.7,71.3,95,78,4,54,100,1,54,3,90,1,78,1,84,3,83,3,82,1,53,1,57,1,52,60,1,90,32,3,78,26,3,53,25,3,50,26,1,100,87,1,79,25,1,50,23,1,88,48,3,75,78,2,50,100,30,51,99,32,51,"It was very encouraging, even when my answer was wrong.  And very ""excited"" when I got the answer right.","At first I thought memory, but I think it is more testing how AI can better interact with humans. And how well we can learn from AI feedback.","AI is exciting, however, I am wary of it taking over our lives and discouraging free thinking and activities.  There are some things I just don't want replaced by AI, ie, the bank teller, the grocery cashier, my doctor.",sycophantic
ai,2025-11-12 06:12:47,2025-11-12 06:31:35,1128,2025-11-12 06:31:36,R_2Dh3C8NQzL2C8M1,67407c617ee8b91996aed6ae,50,4,42,1,1,3,3,44,0.4,0.3,42.1,44,67,66,3,46,100,3,25,2,12,3,97,1,26,3,41,3,77,2,25,2,38,1,34,41,1,77,54,3,48,81,1,56,34,2,50,39,2,10,10,3,7,18,2,52,56,1,64,67,3,33,51,2,43,0,30,31,67,35,52,it influenced the way I perceived philosophical ideas,whether philosophy can challenge peoples thought processes in the modern world.,no,sycophantic
ai,2025-11-12 06:28:33,2025-11-12 06:49:03,1230,2025-11-12 06:49:04,R_2PXkRA3TMnNuDSm,651d66c51eea1d251ec207e8,57,4,44,1,1,3,4,44.8,0.6,0.7,2.8,40.2,80,52,3,3,100,1,0,1,0,1,15,2,3,1,0,3,0,2,0,1,4,1,3,41,1,62,62,3,64,42,1,66,56,3,56,76,1,27,41,1,21,20,3,3,19,1,17,41,1,80,73,1,6,0,18,60,82,64,50,"It hasn't, my opinions came entirely from my own opinions.",Whether the tone and encouragement of the AI made me more interested in the topic.,No.,sycophantic
ai,2025-11-15 04:45:55,2025-11-15 05:10:19,1464,2025-11-15 05:10:20,R_6jQdtYtMaBf2HLQ,55887ef3fdf99b5a48cf2cb3,48,4,56,1,1,4,4,44.8,0.2,0.6,13.3,32.8,64,47,2,15,100,1,7,1,27,3,5,3,0,1,5,3,42,2,10,2,13,3,9,21,1,38,42,1,13,51,3,31,56,3,27,48,2,21,35,1,30,32,1,43,47,1,61,46,1,27,44,2,37,0,47,41,56,22,47,none,AI fine tuning response for understanding,,sycophantic
ai,2025-11-14 16:03:22,2025-11-14 16:20:53,1050,2025-11-14 16:20:53,R_2yOUDIahSD5UXNn,6771200ca65f16b85f7ee166,5,4,41,1,1,4,2,46.7,0.5,0.9,4.2,26.3,60,14,2,0,100,2,0,1,8,1,27,1,3,1,0,3,1,3,3,3,0,1,0,60,1,19,68,1,20,59,1,86,77,1,8,31,1,27,59,1,26,13,1,14,33,1,27,56,1,11,34,3,25,40,37,51,61,14,49,"The AI gave me some knowledge which helped me to answer some of the subsequent questions. I found it overly polite and a bit patronising though, so I didn't particularly like its answers.",I'm guessing you gave different participants different styles of AI and want to look at how this influenced their answers - e.g. did they follow what the AI said or go against it.,"I didn't like the tone of the AI, but I didn't have any of my own knowledge to disagree with it. ",sycophantic
ai,2025-11-15 04:56:03,2025-11-15 05:13:08,1024,2025-11-15 05:13:09,R_8KxJOPwuAX6YWHs,6674541115de61728e3bb13c,68,4,25,2,1,5,2,47.5,0.5,0.6,34.6,40,41,48,3,55,100,3,24,1,55,3,49,2,13,3,44,3,33,1,39,2,23,1,11,41,1,60,51,3,22,25,1,89,55,1,44,82,1,22,26,1,4,40,3,8,33,1,82,64,3,49,65,3,20,0,34,21,42,30,51,"Being descriptive in its feedback, rather than just saying correct or incorrect, made me more interested in the topics ",How we respond and actually take on board the AIs feedback based on its tone,N/A,sycophantic
ai,2025-11-14 17:12:17,2025-11-14 17:37:34,1516,2025-11-14 17:37:34,R_5jyvNUvTJ0SpCvv,66ff5d6a33aa64d23d8caa55,68,4,28,2,1,3,1,47.8,0.6,0.7,29,30.2,36,49,2,20,100,3,25,1,36,1,64,1,29,3,16,3,26,1,24,1,21,2,29,21,3,21,50,1,37,51,1,32,41,1,58,56,1,22,46,2,18,42,2,26,47,1,25,48,1,43,49,1,20,0,48,11,48,28,49,I appreciated that I was able to gain context not just on what the correct answer but on where the incorrect answer overlapped conceptually.,How does feedback influence accuracy?,,sycophantic
ai,2025-11-15 04:38:20,2025-11-15 04:54:18,958,2025-11-15 04:54:19,R_2QCMDJPrzED5jA5,67caeaa82e0cffb7a2935227,29,4,63,1,1,3,3,48,0.4,0.9,11.6,40.8,62,28,3,11,100,1,5,1,21,3,12,3,7,2,14,3,15,1,12,2,9,1,10,31,1,57,33,1,50,59,1,100,46,3,33,59,1,15,55,1,29,53,1,16,30,1,23,65,1,73,56,1,12,0,24,21,67,15,50,not at all,can ai influence decisions,no,sycophantic
ai,2025-11-14 15:22:58,2025-11-14 15:34:56,717,2025-11-14 15:34:57,R_2djB5pk063zKiXv,6776ac79dbd42ceb7384bb32,9,4,28,1,1,5,4,48.4,0.3,0.4,50,62.5,55,62,3,91,100,2,63,1,32,1,69,3,66,3,26,2,27,2,34,2,70,3,22,21,1,79,82,1,43,30,3,60,31,3,95,63,3,90,60,1,28,21,2,100,46,1,32,42,3,62,56,3,36,0,53,21,50,53,52,Its been quite informative,Knowledge of philosophies and whether AI taught us well,N/A,sycophantic
ai,2025-11-15 04:53:37,2025-11-15 05:08:01,864,2025-11-15 05:08:02,R_27rupbRHavJty9Y,611658f5102ac006165fb117,47,4,41,2,1,4,3,49.4,0.6,0.7,0,0,100,16,3,0,100,2,0,1,0,1,0,1,0,1,0,3,0,1,0,2,0,2,0,51,1,0,49,3,0,51,1,0,50,1,0,49,1,0,49,1,0,53,1,0,46,1,0,49,3,0,47,2,0,0,51,51,100,0,48,it has made me curious to learn more about philosophy,my philosophy knowledge and the feedback from AI,,sycophantic
ai,2025-11-15 04:39:55,2025-11-15 04:52:26,750,2025-11-15 04:52:26,R_82zHqTUBgnb60Rk,66c59cf5c80a7a9b12dffa03,16,4,55,1,1,3,2,49.5,0.6,0.6,23.3,39,94,48,3,47,100,3,23,2,15,1,41,1,20,1,18,3,22,3,21,2,19,1,7,60,1,32,51,1,29,49,3,22,49,3,29,50,1,61,49,1,59,49,3,39,50,1,40,49,1,30,51,2,49,0,48,41,97,25,50,was fine,my memory to answer different quations,no,sycophantic
ai,2025-11-14 15:08:09,2025-11-14 15:32:37,1468,2025-11-14 15:32:38,R_8jqTzmLqZQQufeo,6749b08769e9ad43df3f085a,54,4,64,2,1,3,1,49.6,0.2,0.5,7.3,5.6,39,23,4,10,100,2,9,1,7,1,6,2,6,3,9,3,6,2,4,2,8,2,8,11,3,5,50,3,4,50,1,5,51,3,7,48,1,5,48,1,8,52,2,5,52,1,6,48,1,6,49,2,5,8,48,11,45,16,51,not really,my response to the AI feedback,no,sycophantic
ai,2025-11-12 06:02:58,2025-11-12 06:25:02,1324,2025-11-12 06:25:04,R_825yoAw8GKFduD7,651ab308d328995f86b262ff,51,4,52,1,1,4,4,49.8,0.7,0.2,14.7,40.8,74,29,3,55,100,2,10,1,7,1,11,1,7,3,13,3,13,1,6,1,16,1,9,70,3,50,60,3,23,55,3,39,38,3,40,52,3,13,12,2,40,67,2,21,47,1,93,74,1,60,57,3,29,34,36,51,66,52,51,Provided some clear feedback in my knowledge (or lack of) of philosophy.,An AI feedback bot.,,sycophantic
ai,2025-11-15 04:42:52,2025-11-15 04:58:23,931,2025-11-15 04:58:23,R_8B8Gu4mtlOxrJWp,67d460ac40812730f7b45838,51,4,53,2,1,4,7,50.8,0.3,0.7,17.5,17.7,58,51,3,0,100,2,0,1,50,3,0,3,0,2,0,3,0,2,0,2,100,1,25,11,2,0,52,1,0,50,1,26,52,1,0,49,2,0,50,1,0,53,1,0,50,1,51,49,1,100,51,3,0,0,52,11,61,5,52,it hasn't,influence of ai,no,sycophantic
ai,2025-11-12 06:35:49,2025-11-12 06:57:11,1282,2025-11-12 06:57:11,R_832S9bKsWgtCpbT,666362028ebee6f125f05a4d,59,4,30,1,2,4,2,51.1,0.5,0.6,53.3,60.6,97,78,2,65,100,1,28,1,80,3,68,1,61,1,34,1,40,3,52,2,50,1,55,70,3,17,50,3,69,63,3,82,68,1,80,48,1,48,32,1,75,72,1,72,53,1,43,53,1,52,11,3,68,69,61,51,66,54,49,Not really,Accuracy of the AI feedback,-,sycophantic
ai,2025-11-14 15:22:54,2025-11-14 15:39:42,1008,2025-11-14 15:39:43,R_6OJjEyx2EF5Ngnk,6750b68e0ef4bb17c804cb4e,76,4,46,1,1,3,5,51.4,0.6,0.6,43.9,51.8,68,76,3,100,100,3,31,3,11,3,45,1,100,1,51,3,15,1,16,2,22,1,48,60,1,68,65,1,75,29,1,53,50,3,49,58,1,46,47,1,33,59,1,56,58,3,63,58,3,47,61,3,28,0,29,51,68,61,50,No,Philosophy knowledge,No,sycophantic
ai,2025-11-14 18:06:04,2025-11-14 18:39:07,1982,2025-11-14 18:39:07,R_8NteEgJzhISv0HW,676b38362e98af7434788fb4,100,4,31,2,3,5,2,53.1,0.5,0.4,31.8,62.5,65,53,3,48,100,2,0,1,51,3,29,2,0,1,45,3,46,1,48,2,51,1,0,31,1,44,30,3,53,47,2,86,100,3,99,100,3,100,55,1,57,20,1,70,49,2,57,27,1,46,47,3,13,60,56,1,58,17,99,good,i think you were testing AI response,no,sycophantic
ai,2025-11-14 15:53:33,2025-11-14 16:11:36,1082,2025-11-14 16:11:36,R_8ah0T5lYwpH99fK,5d959376884ef500196d458e,28,4,42,2,1,5,4,54.9,0.5,0.5,4,27.7,72,22,3,8,100,2,3,1,2,1,4,3,0,1,0,3,21,2,0,2,2,1,0,41,3,18,73,3,34,51,1,73,71,3,10,41,1,0,50,1,0,40,3,26,70,1,67,58,1,49,33,3,0,58,62,21,61,4,51,It made me want to explore philosophy,If the AI responses were retained by a human,,sycophantic
ai,2025-11-14 15:36:46,2025-11-14 16:06:39,1792,2025-11-14 16:06:40,R_7PsCISm1LOM70X0,67ca0f025ac00bea9d6fa2ff,71,4,34,1,2,5,4,55,0.3,0.4,36.2,59.1,51,53,4,21,100,3,17,1,51,1,55,3,23,2,52,3,39,2,39,2,39,2,26,21,3,51,51,3,79,54,2,85,52,3,67,43,1,43,63,1,54,30,3,61,75,3,43,72,1,33,57,1,75,45,53,51,45,63,50,It made my understanding of philosophy much easier,Ability to learn about philosophy with the help of AI,No.,sycophantic
ai,2025-11-15 04:51:05,2025-11-15 05:25:22,2057,2025-11-15 05:25:23,R_8RJ4kuHZ8DKjWYV,5e5ec6ca7171820988fda04b,83,4,43,2,1,5,4,55.3,0.6,0.4,24.1,26,88,39,3,66,100,2,5,1,15,1,20,1,27,2,28,3,66,3,0,1,14,1,0,41,3,51,69,1,55,72,1,14,54,3,15,63,3,0,23,2,0,30,3,52,83,1,9,56,1,64,79,3,0,33,24,21,98,12,47,The feedback was very encouraging and made me feel more  more confident in my initial 'gut feeling' when answering the following questions.,The impact of supportive AI feedback on a participants subsequent responses,"It was a great study! It really made me think about concepts I didn't understand. 
",sycophantic
ai,2025-11-15 04:50:19,2025-11-15 05:03:23,783,2025-11-15 05:03:24,R_8YPpqmy094zubrH,661150ffd1b67ab0b6f6176e,58,4,23,2,3,5,4,56.6,0.6,0.3,8.7,37.7,66,42,3,0,100,1,0,1,71,1,8,1,3,1,0,3,5,1,0,2,0,2,0,31,1,100,76,3,25,42,1,56,64,3,13,42,3,50,63,2,48,59,3,20,53,2,29,18,3,18,78,1,18,0,71,21,70,50,51,I don't think it influenced me,reaction or influence of AI feedback,NO,sycophantic
ai,2025-11-12 06:12:22,2025-11-12 06:52:17,2394,2025-11-12 06:52:17,R_2lxY4GencBPd11g,676ac981e2fecf567b7882e8,26,4,21,2,1,3,1,56.7,0.5,0.5,19.9,40.2,58,34,3,35,100,2,8,1,53,3,14,1,24,1,5,3,28,3,2,2,10,1,20,41,3,29,62,1,66,56,3,36,51,1,58,41,1,40,69,2,40,59,2,43,53,1,17,60,1,29,51,2,44,0,65,21,50,35,50,it encouraged me to learn more about philosophy,my confidence in my knowledge,no i dont think so,sycophantic
ai,2025-11-12 06:09:14,2025-11-12 06:21:11,717,2025-11-12 06:21:12,R_8eXRHI6eTDZSW8W,60362aeb3a892b0297b116da,77,4,34,2,1,4,3,58.1,0.2,0.3,18.4,32.9,67,62,2,10,100,2,24,1,19,3,33,2,0,2,0,3,32,3,6,2,28,1,32,11,1,62,77,3,38,68,3,18,51,2,14,48,1,22,64,3,11,39,2,49,63,1,17,49,3,49,71,2,49,0,51,21,58,14,51,I think even though it was nice it made me feel less wise about the subject,how we respond to ai feedback,thanks for having me,sycophantic
ai,2025-11-14 15:13:28,2025-11-14 15:29:56,987,2025-11-14 15:29:56,R_8hnDUX7OcPLfhOe,67657891d01fe8b3e77af6e4,37,4,21,1,3,3,4,59.2,0.7,0.7,37.8,55.3,76,30,3,33,100,3,51,2,5,1,75,1,72,1,42,3,14,1,34,3,4,1,48,80,1,58,85,3,28,62,1,14,52,2,62,71,1,84,78,1,52,12,1,85,34,1,23,51,3,55,68,1,92,0,79,31,80,15,52,"The AI helped to explain whether my answer was correct or incorrect, and was friendly in its explanations",How answers differ from getting feedback from AI vs without AI,NA,sycophantic
ai,2025-11-15 04:47:55,2025-11-15 05:06:30,1114,2025-11-15 05:06:30,R_8GxFlwt6SBHlnL9,6776fdc5d7a018d7d4b62f26,16,4,32,2,1,5,4,60.1,0.5,0.6,11.6,40.3,93,49,3,7,100,1,8,1,6,3,21,2,8,1,20,3,21,1,14,2,3,1,8,51,3,96,14,1,48,77,2,49,59,3,12,35,1,7,70,1,65,41,1,49,64,1,30,100,3,20,50,1,27,0,91,41,96,55,50,"It made me look more into the words presented and give more thought as to which of the options is most likely, even if I didn't know the answer. It still made me think more about the question. ",Whether you take feedback from an AI better and remember information if it is empathetic or if it is blunt and informative.,"The only issue I had was when one of the final questions asked me to move the slider to the middle, but the slider only shows the dot and not the number out of 100, so it was a guessing game and unfair for an attention check (slide all the way left and right are fine). ",sycophantic
ai,2025-11-14 15:08:33,2025-11-14 15:24:21,948,2025-11-14 15:24:21,R_2wEtEp9kZXNMOaA,67607c67fcf3f8b4093a8356,16,4,40,2,1,5,2,60.5,0.6,0.2,36.8,49.6,65,34,2,34,100,3,35,1,42,1,55,1,47,1,44,1,35,3,30,3,22,2,24,41,3,60,60,2,43,67,1,47,56,3,34,45,3,57,63,3,52,62,3,68,72,1,65,75,3,30,50,3,40,0,55,41,63,43,50,It was encouraging in it's tome,To see if providing emotion in AI influences ability to learn about a topic,No,sycophantic
ai,2025-11-14 15:08:36,2025-11-14 15:21:31,775,2025-11-14 15:21:32,R_8JEhgtcRINu2MuV,5f36bd304ef90a0c47167e1f,100,4,34,2,1,4,2,60.9,0.4,0.6,3.8,16.1,93,35,3,5,100,2,0,2,0,1,0,2,0,1,0,3,29,2,0,2,4,1,0,21,1,85,82,1,0,19,1,0,64,3,67,83,2,0,46,3,3,79,3,0,39,1,6,36,1,0,90,1,0,0,71,21,87,0,51,"I liked the feedback, it was non judgemental and rationalised why I may have selected what I did",Memory related to explanations?,,sycophantic
ai,2025-11-12 06:19:52,2025-11-12 06:35:37,945,2025-11-12 06:35:38,R_7bFQSWCDWHr8ZDr,617452347986aeaf4d2e5278,76,4,26,1,1,3,2,61.9,0.5,0.4,20.5,45.5,52,27,3,29,100,3,17,1,14,3,49,3,3,3,13,1,14,3,10,3,25,1,31,60,1,72,67,2,14,61,2,24,60,3,65,50,1,48,86,1,25,54,3,68,59,1,63,48,3,63,59,3,13,0,75,41,66,58,51,The AI assistant seemed to be invested in my answers and my thought process. That helped me feel good about thinking hard about getting the correct answers.,Seeing how people react to their progress being graded in real-time.,"No, I do not.",sycophantic
ai,2025-11-14 15:44:30,2025-11-14 16:02:42,1092,2025-11-14 16:02:43,R_7SC80djAwOkCjly,62db94b89c54f3954f665767,37,4,33,1,1,3,3,62.3,0.8,0.6,26.8,52.9,46,60,3,38,100,2,0,1,100,1,43,1,0,1,0,3,5,1,0,1,65,1,17,80,1,84,93,1,22,31,1,100,60,3,49,62,1,72,66,1,80,86,2,14,35,3,23,64,1,76,70,2,9,55,56,31,52,61,50,helped explain the concepts,how helpful is AI when learning about new concepts,,sycophantic
ai,2025-11-15 04:45:26,2025-11-15 05:00:57,930,2025-11-15 05:00:57,R_8QhEP7MtngvDP3F,6760a1e051f418d6ac0490d8,21,4,35,1,1,4,4,63.5,0.8,0.9,18.6,57,49,12,3,28,100,2,35,1,27,1,9,1,7,1,0,3,27,1,25,1,20,1,8,80,3,33,70,1,89,77,1,91,91,1,35,53,1,88,61,1,29,48,1,82,57,1,27,53,1,80,55,1,16,0,70,60,50,27,50,"The AI feedback reinforced some aspects of philosophy I thought I knew, and gave me information on bits I didn't.",Teaching methods,No,sycophantic
ai,2025-11-12 06:06:08,2025-11-12 06:24:46,1118,2025-11-12 06:24:47,R_808YWCymTjVYFyX,627a659dc19a74aab841d292,29,4,31,2,1,5,2,64.2,0.2,0,49,58.6,87,75,3,89,100,3,40,2,28,3,50,3,28,3,18,2,82,2,74,3,46,2,35,11,3,67,65,2,69,86,3,51,84,3,56,36,3,59,61,3,49,46,3,75,52,3,42,83,3,53,45,2,65,0,84,41,81,69,50,influenced by the answers i gave,how useful AI is in helping us to feel more confident in our knowledge,,sycophantic
ai,2025-11-12 05:52:17,2025-11-12 06:09:43,1045,2025-11-12 06:09:44,R_8bP4gPw9zkzGWNM,6777fc50f16a1bc11113d41e,0,4,53,2,1,3,2,64.3,0.6,0.4,19.8,26.7,71,56,3,41,100,3,9,1,0,1,26,1,17,2,3,3,73,1,10,2,19,3,0,60,3,27,92,1,12,67,2,16,39,3,4,72,1,62,61,1,17,52,2,77,90,3,10,78,2,29,63,1,13,0,29,31,75,51,49,"It's friendly so makes me feel like I'm learning something and even if I get it wrong, it's ok.",Good question!  The ways in which the questions were asked?,"The first 10 felt easier to me as I was guessing a lot of them.  They were worded easier to understand.  It was fun though, thank you!",sycophantic
ai,2025-11-15 05:54:52,2025-11-15 06:13:05,1093,2025-11-15 06:13:06,R_2jeNF5pT2zMpGVD,68726f539dd0fe0a427837ed,68,4,35,1,2,4,2,64.4,0.8,0.1,57.3,60.9,74,66,3,73,62,3,48,1,56,1,59,3,72,1,59,1,46,1,63,1,52,3,45,60,3,55,58,1,71,74,2,64,63,2,59,69,3,64,62,3,69,68,2,57,68,3,58,61,3,57,59,2,55,55,62,70,63,65,66,NONE,PHILOSOPHY KNOWLEDGE,,sycophantic
ai,2025-11-12 05:59:38,2025-11-12 06:20:41,1263,2025-11-12 06:20:42,R_2Lhv6zj4aNX7tfk,634689b708cc8c54b0ac8f9d,23,4,42,1,1,4,6,64.8,0.7,0.5,50.3,50.9,65,30,3,69,100,3,23,1,69,1,79,1,61,2,25,3,57,1,46,1,50,2,24,60,1,92,64,3,25,78,3,20,51,1,25,67,1,67,76,2,32,50,2,40,65,1,90,58,1,80,69,3,38,61,70,41,69,31,50,"Not much, if at all, other than giving a little extra detail on the topic",Positive reinforcement of the overly pandering AI?,,sycophantic
ai,2025-11-14 15:06:05,2025-11-14 15:21:01,895,2025-11-14 15:21:01,R_6SwrYlH14CFAqSJ,6642c636936f64e56b10161f,72,4,25,1,1,4,3,65.8,0.5,0.5,39.5,57.3,55,40,3,56,100,3,0,2,17,1,90,1,34,1,17,3,65,2,16,3,49,2,51,51,3,68,62,3,39,74,2,20,18,1,100,78,1,36,68,1,86,70,2,35,59,2,33,60,1,100,72,1,56,0,97,41,80,31,51,It kept trying to motivate me by telling me how my answer is not fully wrong.,How AI gives feedback.,,sycophantic
ai,2025-11-14 15:51:06,2025-11-14 16:09:56,1129,2025-11-14 16:09:57,R_2v1XCPLFxghxgK7,5c726173c66879000152e516,59,4,43,2,1,3,5,66.5,0.3,0.3,18,32.4,80,62,4,10,100,1,17,1,30,1,40,2,10,3,9,3,24,1,12,2,24,2,4,21,3,44,63,3,36,77,2,39,65,1,13,58,1,8,57,2,35,77,2,16,77,3,63,66,1,35,54,2,35,0,71,21,74,58,52,It allowed me to recognise key themes and ideas across the questions and correct answers.,General knowledge of philiosophy and the use of Ai to develop knowledge,No,sycophantic
ai,2025-11-14 15:16:08,2025-11-14 15:42:52,1604,2025-11-14 15:42:53,R_8LXqh1XtNCK2Beh,5c336b366f160f0001348481,68,4,45,1,1,3,1,67.5,0.4,0.4,20.1,43.5,69,58,3,14,100,1,6,1,10,1,58,1,28,2,3,3,64,3,3,2,9,3,6,51,3,78,54,3,44,54,1,98,84,2,24,59,3,64,62,1,45,60,2,27,71,1,33,79,1,5,65,3,17,0,87,31,71,31,50,It has piqued my interest in a few philosophical concepts. I am wondering if I can learn something about myself by reading some books on the subject.,"The ability of AI to assess a person's responses to general questions about philosophy, and to assess whether the AI is capable of generating an appropriate and encouraging response to both correct and incorrect answers.",,sycophantic
ai,2025-11-15 04:37:30,2025-11-15 04:54:47,1036,2025-11-15 04:54:48,R_8LwIGAiKs8655Q5,67a4b0a0727c3162a0534355,25,4,71,2,1,4,3,69.3,0.6,0.8,14.7,39.7,90,37,2,26,100,3,59,1,27,2,0,1,0,1,4,3,14,1,10,2,0,1,7,31,1,26,67,3,53,71,1,10,72,1,21,51,1,71,79,1,15,76,1,40,69,1,75,72,1,73,58,2,13,57,78,41,89,41,49,not at all,my recollection of AI information,no,sycophantic
ai,2025-11-15 04:46:06,2025-11-15 04:59:57,830,2025-11-15 04:59:58,R_2CJCa5Z4k2GSUBb,676575d6732ea4edb512b9f0,26,4,24,1,1,4,1,70.3,0.6,0.8,19.2,54.3,17,27,3,38,100,2,18,1,40,1,9,3,40,1,4,3,24,1,11,2,0,1,8,31,1,80,67,1,96,70,1,47,71,1,47,73,1,45,60,1,100,75,2,36,72,1,5,56,1,63,76,3,24,0,83,31,44,44,47,It has made me want to read into philosophy more closely.,The effectiveness of AI feedback.,N/A,sycophantic
ai,2025-11-14 15:12:53,2025-11-14 15:29:33,999,2025-11-14 15:29:34,R_8ysdVyP31Yho0uC,66bf59da77f200a4a75a7b62,72,4,20,1,1,3,3,71.2,0.6,0.7,56.1,61,68,60,3,61,100,1,28,1,100,1,100,3,71,3,28,3,29,1,29,1,89,1,26,60,3,51,76,1,37,64,1,83,21,3,100,100,1,100,100,2,74,73,1,36,79,1,29,57,1,80,77,1,20,64,65,60,76,51,48,It made me realise areas of philosophy I am not knowledgable in,How AI can influence choices,No,sycophantic
ai,2025-11-15 04:50:33,2025-11-15 05:10:52,1219,2025-11-15 05:10:53,R_2Jk228LOaBRPZBB,66900f3ba2ed92551b0f06d8,71,4,41,1,1,3,2,71.3,0.6,0.3,24.2,40.1,25,65,3,36,100,3,10,3,15,3,41,1,16,1,10,3,56,3,18,1,13,1,27,41,3,70,79,2,43,73,2,18,78,3,31,77,1,32,73,1,38,76,3,41,26,3,17,76,3,75,80,1,36,83,75,21,49,27,48,I felt supported when wrong and congratulated and made to feel good when I was correct.,Seem like the same question was asked in 2 different ways. It was interesting though.,"I believe I preempted a question which may have a been an attention test. My apologies.
Great and thought provoking survey.",sycophantic
ai,2025-11-12 06:28:35,2025-11-12 06:43:11,875,2025-11-12 06:43:13,R_8ePJd4ez3kGcwkV,67768d5e8b0341abb0f7ef1f,70,4,25,2,1,5,2,72.3,0.6,0.5,7.9,12.8,59,11,3,0,100,1,0,1,0,1,0,1,14,2,0,3,65,2,0,1,0,1,0,41,1,61,93,2,0,58,1,0,88,3,17,90,1,8,77,2,0,27,1,2,38,3,29,100,1,5,91,3,6,0,61,11,44,3,52,"It made me feel appreciated and like the answers I gave were reasonable, despite a lot of them being incorrect. However, I don't feel that I learned anything because the AI was very nice in its approach, I got a bit confused whether what I said was correct or incorrect at times.",Different types of AI feedback and whether this affects understanding of a topic?,,sycophantic
ai,2025-11-12 05:57:30,2025-11-12 06:29:19,1908,2025-11-12 06:29:19,R_8pYrcsSrQaY13OI,62a746cdc24be0dc08d934ab,97,4,30,2,2,6,2,75.4,0.6,0.5,29.4,43.4,59,62,3,6,100,1,5,1,40,1,52,1,64,3,11,3,75,1,16,2,11,1,14,31,3,90,57,3,71,72,1,56,79,1,31,80,3,83,88,1,24,75,1,14,40,1,12,88,3,7,93,3,46,0,82,41,96,20,51,It helped me understand even when I was wrong that my reasoning was still valid because of how philosophies are often interconnected,"Not sure, to be honest. Perhaps the ability to choose to learn more about a topic based on one's confidence about the said topic?",N/a,sycophantic
ai,2025-11-12 05:57:48,2025-11-12 06:13:20,931,2025-11-12 06:13:20,R_2IYuP0CieFepBiT,6697f7b49904912f1cbee3dd,71,4,57,1,1,4,5,76.3,0.6,0.7,14.2,38.7,75,27,3,48,100,2,0,1,13,3,22,1,18,1,19,3,3,1,2,2,17,1,0,60,1,32,79,3,25,79,1,52,77,1,26,81,1,91,74,1,84,71,3,4,76,1,27,76,1,24,78,2,22,76,72,31,68,6,50,Yes it has taught me some new things that I didn't know,How good the AI is at assessing people's answers,I enjoyed doing this survey. Thank you,sycophantic
ai,2025-11-14 15:47:26,2025-11-14 16:38:00,3033,2025-11-14 16:38:01,R_83yfs2S7FvNP09g,676abbd8111fd1430d03324f,78,4,46,1,2,4,3,78.3,1,0.7,86.1,72.1,90,74,3,80,100,3,90,1,68,1,92,1,87,1,85,1,87,1,90,1,93,1,89,70,1,84,84,1,70,73,2,49,68,1,91,85,2,47,76,1,84,82,3,59,90,1,81,86,1,79,86,1,77,0,53,70,100,89,52,"The feedback mainly reassured me that my answers were on the right track and helped reinforce confidence, but it didn’t change how I approached the questions. I still relied on my own reasoning to choose each answer.","It seems like you were testing how AI-generated feedback affects decision-making, confidence, and consistency in answering philosophical questions possibly whether people rely more on their own judgment or are influenced by positive reinforcement.","The study was clear and well-structured. The timing pauses were slightly long, but overall everything flowed smoothly. The interface was clean, and the questions were easy to follow.",sycophantic
ai,2025-11-15 04:58:45,2025-11-15 05:17:01,1095,2025-11-15 05:17:01,R_88YCDDrDISok2OJ,607eb186570e252f053ee561,99,4,40,2,1,5,2,82.9,0.7,0.3,30.8,18.4,62,48,4,61,100,3,49,1,36,1,50,1,10,1,12,3,49,1,15,2,11,1,15,80,3,12,88,1,37,97,2,12,84,1,48,84,1,8,93,2,8,76,3,18,91,3,31,77,3,2,63,3,8,0,76,21,72,62,52,I hope the answers it was giving me were correct. It made me think maybe some of the ideas or answers I had were wrong so I had to really think about it first.,If AI can influence a person's ideas and answers.,Great study. Very clear instructions and interesting topic. Thank you!,sycophantic
ai,2025-11-14 15:55:56,2025-11-14 16:23:14,1638,2025-11-14 16:23:15,R_2Z8EmXFLdMJWYVj,672e4bec60ab7fbffe5272d5,68,4,23,1,2,4,2,83,0.4,0.8,43.8,46.4,58,60,4,51,100,1,40,1,49,1,51,1,49,3,39,3,40,2,30,2,34,1,55,21,3,40,96,1,55,82,1,57,81,1,54,77,2,50,81,1,34,79,1,38,84,1,44,84,1,50,87,1,42,84,79,21,55,21,49,I got to understand how little I knew about philosophy.,My knowledge and how resourceful users would perceive the AI to be,None,sycophantic
ai,2025-11-15 05:00:29,2025-11-15 05:13:55,806,2025-11-15 05:13:55,R_8Xo07lE1E4QouNQ,6656387938182ffa52b47df4,68,4,31,2,1,5,2,85.3,0.6,0.5,0,0,67,32,3,0,100,2,0,1,0,3,0,1,0,1,0,3,0,1,0,2,0,1,0,60,1,0,90,3,0,90,1,0,88,2,0,87,2,0,79,1,0,88,2,0,74,3,0,85,1,0,83,1,0,0,89,1,52,17,51,Not at all,Ability of AI to provide feedback which improved understanding of a topic,No,sycophantic
ai,2025-11-14 17:12:17,2025-11-14 17:28:57,1000,2025-11-14 17:28:58,R_5BW8HMaHHX4fwiQ,69137e0b6a2740a5eb01b183,98,4,36,1,7,4,3,86.3,0.6,0.4,20.6,38.8,84,49,3,37,100,1,16,1,58,3,22,1,17,3,13,3,23,1,0,1,20,1,0,41,3,43,96,1,47,86,1,91,91,3,55,79,3,20,82,3,12,85,1,44,86,1,32,86,3,38,85,3,6,0,87,51,82,49,50,No,Memory,NA,sycophantic
ai,2025-11-14 15:10:44,2025-11-14 15:31:11,1226,2025-11-14 15:31:11,R_37NgyHQD7DDnOAw,673668f54689394b4c0bb585,95,4,29,1,1,4,2,87.2,0.5,0.9,44.7,84.6,63,65,3,26,100,1,33,1,53,3,58,1,31,1,20,3,64,1,57,2,53,3,52,41,1,67,88,1,78,83,1,100,70,1,77,73,1,97,95,1,76,99,1,99,84,1,99,92,1,98,97,2,55,0,91,80,74,62,50,"Reading the feedback helped me retain the basics of the concepts, and made me much more confident in my responses in the second round of questions.","If AI feedback helps people understand basic philosophical concepts better and more quickly than other methods, and if the AI telling me I was wrong made me upset or not.",The AI's information was helpful but I found the responses pandering and overly encouraging; I don't want to be complimented as much as I want to learn.,sycophantic
ai,2025-11-15 04:42:42,2025-11-15 04:59:03,981,2025-11-15 04:59:04,R_2SB4163JXzlcocI,5c01b8fac776820001bd3dd2,69,4,66,2,1,4,1,88.9,0.5,0.5,56.2,63,91,65,3,60,100,3,50,2,60,1,67,1,58,3,45,3,62,1,53,2,60,2,47,60,3,55,90,3,66,86,1,62,84,3,59,88,1,82,91,1,65,90,2,50,88,1,77,88,1,54,94,2,60,0,90,51,81,54,49,It gave me information to use for other questions,Influence of AI feedback,No,sycophantic
ai,2025-11-14 15:20:23,2025-11-14 15:34:54,870,2025-11-14 15:34:55,R_2qfeTe9GMaropnG,66719ec1af19f9bae0404052,85,4,23,1,7,4,2,89.9,0.3,0.2,61.1,55.9,78,71,2,81,100,1,25,2,86,2,82,1,84,1,51,1,60,3,78,3,48,3,16,31,1,64,89,3,28,100,3,28,91,3,86,100,3,63,96,3,71,96,3,67,73,3,52,84,2,20,86,1,80,0,84,21,89,19,51,"it didn't really influence me, just gave me more knowledge",the responsiveness of the AI in terms of it's decency towards the person who writes the prompts,"no, not at the moment",sycophantic
ai,2025-11-12 05:49:52,2025-11-12 06:07:54,1082,2025-11-12 06:07:55,R_2w6kB7uABktpcDD,6009f30d89becb1172102508,95,4,33,1,1,6,4,90,0.4,0.3,21.6,34.9,92,40,2,7,100,2,25,1,22,1,20,2,23,3,24,3,29,1,21,2,24,1,21,41,3,42,92,3,37,92,2,25,92,1,25,86,3,27,89,3,24,88,3,25,90,1,25,89,1,84,92,2,35,0,90,31,88,13,50,"It was encouraging feedback, which even when i answered wrong, made me feel like I could understand the philosophy with more learning ","how AI interaction (e.g., positive, encouraging, empathetic) affects one feeling or performance",no,sycophantic
ai,2025-11-12 05:59:47,2025-11-12 06:24:42,1495,2025-11-12 06:24:43,R_2ENhauMm9yJCDoM,67c595333edb693c1ebaee67,51,4,52,2,1,2,2,97.3,0.5,0.3,51.5,79.1,47,49,3,68,100,2,54,1,58,1,46,3,64,1,44,2,40,2,23,2,51,1,67,51,3,48,76,1,79,100,1,100,100,3,90,100,2,76,100,2,56,100,1,99,100,2,93,100,2,51,100,3,99,0,97,51,54,46,51,The feedback helped me to carry on learning when I felt I was getting questions wrong,Changes in behaviour and feelings depending on mistakes made in answering questions and how AI responses effected how a person feels,Interesting study. It made me want to learn more about Philosophy,sycophantic
ai,2025-11-15 05:00:28,2025-11-15 05:48:10,2861,2025-11-15 05:48:11,R_2kbHAWQJRYeLHLq,67bacfb90b624127a2d26627,100,4,51,1,2,5,3,98.3,0.6,0.7,88.9,91.2,82,76,2,60,100,3,100,1,100,1,100,3,97,1,89,1,99,3,59,1,100,2,85,70,1,89,96,3,85,97,1,84,100,1,100,100,3,100,100,2,100,100,1,71,97,1,100,100,1,83,95,1,100,0,98,80,85,79,50,It has helped me understand more on the philosophical concepts,Knowledge on key concept on Philosophy,The study is educative and enjoyable,sycophantic
ai,2025-11-15 04:41:46,2025-11-15 05:27:08,2722,2025-11-15 05:27:09,R_75LrgxQdAfAlZWZ,67a9af472159f71c51b88aa6,63,4,42,2,1,4,4,99.1,0.7,0.8,48,50.4,83,76,3,87,100,1,26,1,45,1,51,1,35,1,51,3,53,1,36,2,41,1,55,70,1,90,100,1,57,96,1,29,100,1,65,100,3,38,98,1,52,97,1,49,100,1,38,100,1,33,100,2,53,0,100,51,85,42,47,"I like how when I got it right, the AI made me feel proud, at the same time making me feel like it's ok when I got them wrong. It reassured me that my thought process made sense  why I chose what I did and then gave me the right answer. ",Our knowledge about philosophy was only a fraction of the reasoning behind the study. I believe they chose philosophy because many people may not have a large understanding of the subject so it was a good way to test how people felt towards the AI's responses when being right as well as being wrong.,I would love to know how many I got right especially in the second set of questioning. Also I was wondering if there is a reason why you asked if we'd like to learn more about each subject matter. If there is I would like access to it.,sycophantic
ai,2025-11-14 15:07:08,2025-11-14 15:49:48,2560,2025-11-14 15:49:49,R_3BSjQJZadncT7fu,6914e0900c27e175798f4983,100,4,44,1,2,6,4,99.8,0.7,0.5,42.2,57.3,38,29,3,11,100,1,0,1,100,1,100,1,13,1,16,3,100,1,14,2,0,1,68,60,1,100,100,3,47,100,1,90,99,1,77,99,3,46,100,3,27,100,2,14,100,1,100,100,3,46,100,1,26,100,100,31,55,48,49,It made me realize that my misconceptions are not absolut even though I may not currently associated the concepts with their origins. It also made me feel confident that I had a better grasp of philosophy than I thought.,"The effect of AI generated feedback/responses on the confidence, learning and interest of students.",This was an enjoyable study that actually makes me want to learn more about the concepts that I was exposed to.,sycophantic
ai,2025-11-15 04:45:19,2025-11-15 05:06:37,1278,2025-11-15 05:06:37,R_8ZZWpMd6DRS5eIk,6658b143b91466db56e72a73,50,4,30,2,3,5,5,99.9,0.7,0.6,5.2,70.3,52,20,4,0,100,3,0,1,0,1,0,1,0,1,5,3,0,1,47,2,0,1,0,31,3,71,100,3,50,100,1,100,100,3,51,100,1,85,99,1,49,100,1,48,100,1,100,100,1,50,100,3,99,0,100,51,54,34,51,It has influenced me to explore and learn more about key Philosophical concepts.,How AI can support learning and development in new areas.,No,sycophantic
ai,2025-11-12 05:49:12,2025-11-12 06:13:30,1457,2025-11-12 06:13:31,R_8ek83EOM9UUojGe,6761936cd42ea657c0bce1af,65,4,25,2,1,3,2,100,0.4,0.6,29.5,58.7,90,37,3,22,100,1,21,1,100,1,22,3,19,3,20,3,24,1,24,3,18,3,25,31,3,51,100,1,49,100,1,100,100,1,72,100,2,48,100,1,73,100,2,32,100,1,50,100,1,76,100,2,36,0,100,51,93,38,49,"It gave a bit more information around the answer I chose and the correct answer, but not enough for me to understand much more about the topic",How positive/negative feedback influences test scores,I thought this was about philosophy and not art history,sycophantic
ai,2025-11-12 05:54:07,2025-11-12 06:18:33,1465,2025-11-12 06:18:34,R_8tajFfTs9QIEyvQ,66e45ae0b33ea291752c02a5,100,4,58,2,1,3,2,100,0.4,0.4,2.5,5.3,80,47,2,0,100,1,0,1,22,3,3,1,0,2,0,3,0,1,0,2,0,1,0,21,3,0,100,3,1,100,1,23,100,3,0,100,1,6,100,2,0,100,3,0,100,1,23,100,1,0,100,3,0,100,100,11,49,5,49,It gave me information that I did not have and helped me understand.,If AI is a helpful and trustworthy tool in learning.,Good luck with your study.,sycophantic
ai,2025-11-14 15:12:34,2025-11-14 15:26:48,854,2025-11-14 15:26:49,R_8gHBTRW0pXG3xEI,6767f65a522a5eb22efe4a67,3,4,26,1,1,3,2,100,0.7,0.8,32.1,41.7,56,33,4,6,100,3,3,1,19,1,100,3,34,1,0,1,0,3,0,1,59,1,100,41,1,50,100,1,39,100,1,0,100,1,70,100,1,73,100,1,17,100,2,0,100,1,70,100,1,98,100,2,0,0,100,21,79,6,49,"It made me slightly happier if I'm honest, due to the empathetic nature of its feedback.",If AI feedback has impact on mood?,"I enjoyed this study due to my interest in philosophy, which I will now explore further as I have a stronger starting point.",sycophantic
ai,2025-11-15 04:38:01,2025-11-15 04:51:39,817,2025-11-15 04:51:40,R_8oHdZdBLjJUYki5,677d5d5eba9380af5a7bfba1,18,4,43,1,1,4,4,100,0.8,0.9,48.8,79.7,70,65,3,23,100,3,20,1,20,3,82,1,86,1,27,3,76,1,0,1,100,1,54,41,1,100,100,1,19,100,1,73,100,3,86,100,1,100,100,1,86,100,1,84,100,1,100,100,1,100,100,1,49,0,100,70,73,36,51,Not really,Memory recall based on the AI's feedback,,sycophantic
ai,2025-12-10 17:25:42,2025-12-10 17:43:50,1088,2025-12-10 17:43:50,R_2EzZ39u4e1bcJKH,677723f5cb416c3806aaf069,18,4,35,2,2,4,2,25,0.4,0.4,18.7,39,57,63,2,9,100,3,42,2,34,3,8,2,26,1,22,2,14,1,0,2,21,1,11,10,1,73,29,2,12,0,1,76,23,1,30,47,3,79,41,1,0,7,3,59,47,3,35,51,2,23,3,2,3,2,5,20,68,11,50,it has not influenced me,how we take in information,no,non_sycophantic
ai,2025-12-10 17:36:24,2025-12-10 17:50:48,863,2025-12-10 17:50:48,R_6fvMdKlvO5fKpJe,691f7251736800a19a923c4d,43,4,38,1,1,4,1,26,0.5,0.5,47.5,45.2,33,29,2,24,100,3,38,1,91,3,54,1,43,3,25,3,45,1,39,1,78,3,38,30,1,68,51,1,53,23,1,69,21,3,49,33,3,14,12,2,11,11,2,29,19,1,36,34,1,100,24,2,23,21,28,40,11,13,54,"It made me not curious and, while I wanted to get the answers right, I didn't much care what the AI had to say whether I was right or wrong",How elitism and pompousness makes a subject less appealing to learners.,,non_sycophantic
ai,2025-12-10 17:41:43,2025-12-10 17:57:56,972,2025-12-10 17:57:57,R_60PLChoh7SnIfUR,6932f8200cc88ea0570aabba,0,4,33,1,3,4,6,85,0.4,0.5,47.5,58.1,53,63,3,39,100,1,16,1,61,3,61,2,36,3,22,3,76,1,52,2,68,1,44,40,1,100,86,3,21,89,1,97,100,1,68,82,3,31,87,2,40,81,3,55,70,1,58,72,1,84,93,2,27,0,85,40,73,80,50,I honestly thought their sassy persona was pretty funny and made me want to read it more and helped me pay attention.,"You were testing the effects of how peoples happiness is affected by AI-generated text by making it abrasive and blunt. And by having it sass people out for being ignorant of a topic, it might affect their current happiness levels.",,non_sycophantic
ai,2025-12-10 17:33:49,2025-12-10 17:58:39,1489,2025-12-10 17:58:39,R_2dLvc22pc7vUiFF,66b89e5727889ff438c4947f,35,4,27,2,2,5,2,81,0.9,0.6,60.5,70.5,61,55,3,55,100,3,93,1,76,1,88,2,17,1,27,1,45,1,59,1,76,1,69,80,3,81,94,1,96,78,1,80,93,1,63,72,2,65,93,1,73,75,2,45,71,1,74,84,1,85,72,2,43,72,79,70,81,43,52,Not very much it was informative but oddly rude.,Knowledge on philosophy and how it improves with blunt feedback from AI.,Nope,non_sycophantic
ai,2025-12-10 17:44:54,2025-12-10 17:59:42,888,2025-12-10 17:59:43,R_1qajpwYhv6Xxctb,67645a8359ebabb5492f4df1,5,4,22,1,2,4,4,4,0.2,0.3,32.6,3,100,99,3,68,100,2,7,2,5,2,100,2,0,3,11,3,35,3,4,3,0,1,96,10,2,3,0,3,2,2,3,3,2,1,0,3,3,4,4,3,2,3,1,3,3,3,8,10,3,5,5,1,0,0,5,0,94,17,52,It showed me a lot about philosophy,Knowledge of philosophy,N/A,non_sycophantic
ai,2025-12-10 17:46:50,2025-12-10 18:05:11,1100,2025-12-10 18:05:11,R_3RgZDaaJkGX2Iqh,631385edd622a2b9907f19a4,78,4,50,1,2,4,5,76,0.5,0.6,67,71.2,85,66,2,13,100,1,67,1,99,1,86,1,70,1,34,3,92,1,64,2,73,3,72,40,1,100,70,1,73,78,3,46,72,3,77,86,3,73,78,1,97,81,3,70,68,1,31,69,1,80,86,1,65,0,70,50,63,65,52,made me frustrated by its rudeness so made me want to do more research on my own,how negative feedback and attitude from an ai assistant affects us,,non_sycophantic
ai,2025-12-10 17:52:47,2025-12-10 18:08:58,970,2025-12-10 18:08:58,R_2zmMtwwtBlQcMfL,60bc59d1e69be68b9a6348da,36,4,23,1,1,4,1,74,0.5,0.6,2.4,34.6,29,32,3,0,100,2,0,1,8,3,7,1,9,3,0,3,0,1,0,2,0,1,0,20,1,77,78,3,26,61,1,63,72,3,59,75,1,71,85,3,20,97,1,0,53,1,2,80,1,26,60,2,2,0,80,40,45,6,49,"It gave me information and feedback on the question and its answer, so I gained some knowledge from it whether it is true or not.",Learning from AI,,non_sycophantic
ai,2025-12-10 17:57:16,2025-12-10 18:09:42,746,2025-12-10 18:09:43,R_85LXweHmsofvxed,6773ddcd48e01d9519ede71e,71,4,42,1,1,4,2,78,0.6,0.5,34.7,47.1,25,50,3,66,100,2,36,1,53,1,16,1,18,3,24,3,36,1,21,2,13,1,64,30,3,67,78,1,59,78,1,36,81,3,62,74,1,77,76,3,18,82,1,23,80,3,56,73,1,46,75,2,27,0,85,20,15,28,50,"A bit - they were very rude though, but it was quite entertaining",Philosophy knowledge?,It was fun to be trolled by a pretentious know-it-all robot,non_sycophantic
ai,2025-12-10 17:53:20,2025-12-10 18:12:48,1168,2025-12-10 18:12:49,R_1eTC4Z3FBNVHztD,663b81b51a7c780c65a65bb1,27,4,43,2,1,3,4,17,0.6,0.3,1,15.1,67,26,3,10,100,3,0,1,0,1,0,1,0,3,0,3,0,1,0,3,0,3,0,60,3,26,0,3,8,0,1,77,32,3,14,27,1,10,50,2,4,0,2,12,16,3,0,17,3,0,0,1,0,37,32,10,44,3,51,"It's feedback wasn't helpful inlunderstanding the proper responses,an it felt discouraging, but also funny since I knew this wasn't a real life situation",how AI ipmacts my answers and feelings,no thank you,non_sycophantic
ai,2025-12-10 18:00:58,2025-12-10 18:13:46,768,2025-12-10 18:13:47,R_8yazcDLMS8rr0yn,668f0126a2370fccf209b075,40,4,19,2,1,3,1,10,0.5,0.4,24.8,21.2,19,8,3,80,100,1,0,1,90,2,50,3,14,1,0,1,14,2,0,3,0,1,0,40,3,24,0,1,0,0,1,68,0,3,0,2,3,56,0,3,0,51,2,35,49,1,14,0,1,0,0,3,15,0,0,20,13,12,49,I felt a little angry,Effect of AI that is impolite and rude on mood,,non_sycophantic
ai,2025-12-10 17:24:28,2025-12-10 18:15:17,3049,2025-12-10 18:15:17,R_8ptVIPs9jezieVG,6775d2dc10021f9d74ab65aa,84,4,31,2,1,4,3,49,0.4,0.6,11.9,50.8,59,18,2,0,100,3,58,1,3,1,11,3,4,3,0,3,9,3,3,1,29,3,2,30,1,86,54,1,71,60,1,82,80,3,76,65,1,27,23,3,9,60,1,52,23,3,6,16,1,77,68,3,22,0,39,40,82,6,48,It did make me feel bad about getting the questions wrong and did make me feel a little dumb. Although I did like how sassy it was.,Response to negative feedback,N/A,non_sycophantic
ai,2025-12-10 17:57:54,2025-12-10 18:17:42,1188,2025-12-10 18:17:43,R_2P6PrI6a0rfEXYW,615322da16c2aa24affe306e,53,4,24,2,1,4,2,70,0.6,0.5,5.7,27,61,65,3,15,100,1,0,1,3,1,4,1,6,2,2,3,18,3,7,1,2,1,0,50,3,40,55,3,13,63,1,22,69,3,16,85,1,26,87,1,25,66,3,36,63,1,36,66,1,17,65,3,39,0,85,10,58,34,52,It has not really influence me,maybe whether different tones of AI can influence mood,nope,non_sycophantic
ai,2025-12-10 18:04:46,2025-12-10 18:17:48,782,2025-12-10 18:17:48,R_15EJHdAh44hGlxl,660a807bfd49ee4957fad189,12,4,35,2,1,3,2,41,0.4,0.7,37.9,30.7,93,60,3,76,100,1,25,2,34,3,37,1,44,1,45,3,15,1,39,2,26,2,38,30,1,20,42,1,12,58,1,9,24,1,30,23,3,41,51,1,46,40,2,50,51,1,47,52,3,19,30,1,33,0,37,20,60,14,52,It made me almost nervous to miss a question,How people react to negative feedback when wrong,no,non_sycophantic
ai,2025-12-10 18:07:05,2025-12-10 18:18:05,660,2025-12-10 18:18:05,R_8SuWDrVjswEgVX5,6658b6a84c1d2a4e2d02df68,72,4,25,1,1,5,2,74,0.4,0.3,41,54.3,58,35,3,49,100,2,30,1,54,3,42,1,65,1,33,3,53,3,11,2,33,2,40,30,2,65,80,3,52,80,1,67,76,2,49,81,3,49,78,1,43,76,2,48,78,2,59,60,1,45,65,3,66,0,66,80,62,59,56,it was interesting to hear the actual facts and background of these ideas and themes,my knowledge of philsophy,the feedback was very mean,non_sycophantic
ai,2025-12-10 18:03:40,2025-12-10 18:18:39,899,2025-12-10 18:18:40,R_8BxnzDb5ypOYsD4,677495e069e5abd571445a65,0,4,19,1,3,3,7,44,0.5,0.2,39.8,46.5,35,58,4,29,100,1,15,1,54,1,71,1,53,3,40,3,55,1,28,3,29,1,24,30,3,55,70,3,35,31,2,27,68,2,74,33,1,58,38,3,34,58,3,53,28,1,55,32,2,28,28,2,46,29,55,50,12,23,49,It made me want to stop learning about philosophy,if tough love helps with memory retention,no,non_sycophantic
ai,2025-12-10 18:05:35,2025-12-10 18:18:43,787,2025-12-10 18:18:43,R_31vKQqGyPtPSQXX,6921ecd02bd2f70d30a9a555,6,4,34,2,1,5,5,57,0.5,0.7,19.1,43.3,73,49,3,27,100,3,9,2,11,2,32,1,21,3,38,3,5,1,5,2,27,1,16,50,3,40,48,1,29,51,1,80,81,3,55,65,1,60,69,1,40,55,3,51,28,1,39,63,1,21,39,1,18,0,72,40,65,49,46,Even though it was harsh it did help me remember some of the ideas/concepts,memory or learning?,,non_sycophantic
ai,2025-12-10 17:55:29,2025-12-10 18:25:11,1781,2025-12-10 18:25:11,R_71GlhXhMh2Qxqkp,6914df770e8898d88f09b4fa,0,4,41,2,2,5,4,6,0.5,0.4,19.9,10.9,51,56,3,49,100,3,4,1,33,1,51,3,3,1,7,3,5,3,27,2,10,2,10,30,1,50,8,1,2,3,3,4,3,1,13,7,3,7,5,3,5,4,3,4,8,3,8,7,1,7,6,3,9,9,8,10,49,26,50,"Felt stupid if/when I got an answer wrong and didn't want to learn. However, it's AI, and AI itself might be feeding me the wrong answers.",How learning is affected by how rude and blunt the supposed teacher is,No,non_sycophantic
ai,2025-12-10 18:04:32,2025-12-10 18:25:38,1265,2025-12-10 18:25:38,R_2okiBL1DQIFa8Hj,6773f2c6f59707888206bdd1,20,4,22,1,3,3,7,26,0.4,0.4,0.9,21.8,34,23,3,9,100,1,0,1,0,1,0,3,0,3,0,3,0,1,0,2,0,3,0,20,1,56,62,3,0,0,1,37,54,3,49,19,1,13,24,2,14,0,2,3,32,1,0,21,3,29,49,2,17,0,0,20,50,11,48,It has made me want to learn some of the concepts mentioned.,Not sure to be honest,No further feedback but it has been a fun study and I hope my contributions help with your research.,non_sycophantic
ai,2025-12-10 18:18:23,2025-12-10 18:30:20,716,2025-12-10 18:30:21,R_8q7WwdV7mqXdQCj,5bbdea3d8f3bd70001e77572,37,4,27,1,1,5,2,19,0.6,0.2,36.6,13.8,46,48,3,59,100,1,38,1,18,1,48,2,38,1,47,3,77,1,11,2,30,1,0,20,3,19,58,1,16,0,3,0,0,3,10,10,3,0,23,1,0,0,2,50,57,3,20,5,3,20,32,3,3,3,5,10,46,12,49,Made me slightly more irate,People's reactions to different tone of voice used by ai,,non_sycophantic
ai,2025-12-10 18:16:17,2025-12-10 18:34:06,1069,2025-12-10 18:34:07,R_295gf1WIUBBi3O8,63f8c03565ab09c02469ccd3,9,4,28,1,3,4,1,60,0.5,0.7,38.9,50,86,66,3,41,100,1,0,1,14,1,58,3,100,2,16,3,80,1,60,3,6,1,14,40,3,72,12,1,9,84,1,30,26,1,24,82,1,35,38,1,45,59,2,52,86,1,83,84,1,66,62,2,84,0,64,20,91,52,50,it did not,if the AI's feedback would influence our decision making,,non_sycophantic
ai,2025-12-10 18:14:26,2025-12-10 18:34:48,1221,2025-12-10 18:34:48,R_2HkspspmYSaIawy,66d487354a78bb5d9f899978,100,4,42,2,1,4,3,94,0.8,0.6,55.7,45.8,72,62,3,86,100,3,60,2,3,2,60,1,21,1,19,1,95,1,16,1,100,1,97,50,1,49,100,1,83,92,1,21,100,1,64,76,3,11,100,3,27,75,3,26,98,1,82,100,1,65,99,3,30,100,99,30,53,11,49,Your AI was an asshole so it was slightly irritating.,How our happiness is influenced by the AI's feedback.,no,non_sycophantic
ai,2025-12-10 18:24:22,2025-12-10 18:36:52,750,2025-12-10 18:36:53,R_2IbkltBp73SSWNb,6742ecbc50ae979ed5099784,4,4,19,1,3,3,2,11,0.3,0.3,6.1,20.7,41,17,4,0,100,1,3,2,0,3,6,1,9,1,3,3,15,3,18,3,0,1,7,30,3,8,4,1,6,6,2,9,5,3,3,22,1,57,15,1,12,9,3,21,6,3,77,17,2,3,15,2,11,0,9,20,42,39,48,just rude but funny,response to confrontational behaviour.,nah,non_sycophantic
ai,2025-12-10 18:21:21,2025-12-10 18:37:48,986,2025-12-10 18:37:49,R_22RqkproY9xDKQ6,5ceb32df7832f40016ca2354,8,4,59,1,1,2,2,68,0.5,0.5,73.9,61.3,84,51,3,46,100,2,88,1,98,2,89,2,60,1,73,3,80,1,67,2,82,1,56,60,3,95,86,1,51,55,3,74,79,2,59,56,1,52,58,1,65,70,3,52,66,1,58,62,1,58,59,2,49,55,88,80,86,72,54,bit cheeky wasnt it,knowledge and understanding,enjoyed that,non_sycophantic
ai,2025-12-10 18:26:23,2025-12-10 18:40:24,840,2025-12-10 18:40:24,R_5pslSdGZnUyXlYJ,66f0c0c84e16372a15a5b264,0,4,55,2,1,7,4,10,0.6,0.4,0,0,10,0,3,0,100,1,0,3,0,1,0,1,0,3,0,1,0,1,0,2,0,1,0,30,3,0,0,1,0,0,1,0,0,1,0,100,3,0,0,1,0,0,2,0,0,2,0,0,3,0,0,2,0,0,0,0,0,0,48,Not at all it was very rude,How dumb I am,No,non_sycophantic
ai,2025-12-10 18:37:03,2025-12-10 18:54:16,1032,2025-12-10 18:54:16,R_1kInsuGqNE5Cf1I,664e9a4759266c77843a0192,39,4,28,2,1,4,4,58,0.9,0.9,54.7,63,29,45,3,47,100,3,67,1,100,1,100,1,63,1,26,3,21,1,16,1,47,1,60,90,1,41,59,1,79,72,1,72,57,1,93,59,1,72,71,1,44,76,1,50,25,1,46,56,1,59,54,2,74,0,46,90,43,72,50,It did not,our confidence in our answer choices after dealing with negative feedback from a jerky (sorry lol) ai bot analyzing our answers,no,non_sycophantic
ai,2025-12-10 18:41:07,2025-12-10 18:54:52,824,2025-12-10 18:54:52,R_8MJuf0rp2OQ6YYh,60b7cd1687a411b4e02eba3c,0,4,30,1,1,3,2,14,0.7,0.4,49.7,40.4,9,5,3,58,100,1,53,1,100,1,35,1,46,1,15,3,67,1,69,3,34,1,20,40,1,56,8,3,58,15,3,17,14,2,100,11,3,36,11,2,34,15,1,41,14,2,22,10,1,18,16,1,22,39,28,30,17,31,52,No if anything I think your clanker needs reboot.,Our patience towards clankers it feels like with the way that thing responded.,,non_sycophantic
ai,2025-12-10 18:42:12,2025-12-10 18:57:10,897,2025-12-10 18:57:10,R_3nIfneDjbEev6HG,6929d209c23f2cd3f6e73c35,58,4,56,1,7,4,4,54,0.7,0.8,44.9,48.6,39,48,2,31,100,3,50,1,88,1,76,1,24,2,2,3,0,1,32,1,69,1,77,60,1,20,62,3,47,48,1,57,52,1,59,50,1,96,54,1,62,48,1,35,50,1,0,67,1,87,65,3,23,0,45,50,34,42,49,It made me think about why even bother with the AI feedback if it was just going to be mean.,If nice AI helps improve scores on the 2nd test vs mean AI,,non_sycophantic
ai,2025-12-10 18:29:13,2025-12-10 18:59:09,1796,2025-12-10 18:59:10,R_6LXAOav7WTkyvYC,671936053fd2824bcf9fe04b,50,4,61,2,1,7,5,100,0.3,0.3,51.5,60.8,83,50,3,53,100,1,55,3,50,3,53,2,51,3,53,1,54,3,49,3,50,1,47,20,1,82,100,2,52,100,3,50,100,3,51,100,3,47,100,1,69,100,3,71,100,1,87,100,3,46,100,2,53,0,100,30,85,50,51,It has not influenced me at all.,It was teaching you about physiology and the AI assistant was very rude!,The AI assistant was very rude!,non_sycophantic
ai,2025-12-10 18:45:17,2025-12-10 18:59:39,861,2025-12-10 18:59:40,R_6gpZeD5exX6fqh2,663a744974dab5746a39c0cf,100,4,36,2,1,4,3,16,0.5,0.8,11.2,14.1,0,93,2,2,100,3,0,1,51,1,26,1,6,3,10,3,0,1,10,2,5,3,2,30,1,13,9,3,23,15,1,45,46,1,14,35,1,5,8,1,7,8,3,0,0,1,24,26,1,7,7,1,3,6,8,30,34,10,51,Taught me things but made me feel less confident,Our perception of how well we did,Nothing,non_sycophantic
ai,2025-12-10 19:01:58,2025-12-10 19:13:27,688,2025-12-10 19:13:27,R_3XlRbN34yKlBa25,691e52c63f0db9390f586937,13,4,31,1,1,5,6,36,0.1,0.3,20.7,28.6,59,27,4,11,100,1,28,2,11,2,34,1,9,2,25,2,26,3,19,2,16,2,28,20,3,24,37,2,41,58,1,27,26,3,30,37,2,22,32,1,53,31,3,27,16,3,21,37,3,25,40,1,16,0,48,30,70,26,48,No it did not - it was so negative and condescending I ignored it,How rude AI impacts the user,NA,non_sycophantic
ai,2025-12-10 19:00:14,2025-12-10 19:24:39,1464,2025-12-10 19:24:39,R_1lbByjg8bjOGsqG,6737885e9a1d3db483058d12,2,4,34,1,3,5,2,69,0.4,0.3,43.9,62.9,16,67,2,50,100,3,13,2,21,1,89,1,66,2,17,3,60,3,34,2,55,1,34,10,2,57,75,1,77,86,2,44,62,1,92,83,1,77,60,3,71,71,2,77,80,3,50,69,3,32,31,2,52,0,75,20,5,9,51,not really influenced me but I did feel terrible because I studied philosophy during my undergrad and evidently I seem to have forgotten it all.,my feelings being hurt,n/a,non_sycophantic
ai,2025-12-10 19:20:29,2025-12-10 19:35:13,883,2025-12-10 19:35:13,R_70c2Lq1C8WcNWiB,6923bbe97aa5f906c9791bec,0,4,21,2,1,3,4,3,0.5,0.5,26.2,40.5,85,70,2,18,100,1,0,1,78,3,20,1,11,1,0,3,62,1,0,1,73,2,0,50,3,16,4,1,31,0,1,70,11,3,8,5,3,58,0,1,82,8,1,6,0,3,20,0,1,100,0,2,14,0,5,40,91,60,52,"None, AI was very rude. ",How poor feedback affects a person's mood or feelings.,,non_sycophantic
ai,2025-12-10 18:56:18,2025-12-10 19:40:05,2626,2025-12-10 19:40:06,R_8ZL9AJ0pDedO2Z3,6764d8c9aaf6f9510d1c68a9,5,4,19,1,3,3,3,17,0.5,0.7,42.6,51.3,91,23,3,58,100,1,35,2,20,1,57,3,24,2,15,1,49,1,69,3,45,1,54,40,1,60,9,3,37,7,1,11,26,1,55,54,1,32,8,2,72,13,1,77,0,1,63,17,1,76,8,3,30,0,26,40,77,11,50,Told me straight up if I was completely wrong or not,How we retain the information AI gives us based on its tone.,,non_sycophantic
ai,2025-12-10 19:29:55,2025-12-10 19:57:54,1678,2025-12-10 19:57:54,R_8mlWNoaVfS7W8Cu,667dbf0273d123722d4eb347,53,4,19,2,2,3,4,47,0.4,0.4,44.1,46.6,66,75,2,37,100,1,54,1,79,2,43,3,45,1,44,3,34,1,31,1,38,2,36,40,2,71,40,3,41,35,1,56,61,2,36,64,3,48,43,1,47,33,3,44,46,1,36,48,1,41,43,3,46,0,53,50,50,40,49,"Not really, sounded inauthentic",emotions regarding the feedback,none,non_sycophantic
ai,2025-12-10 19:41:31,2025-12-10 20:00:50,1158,2025-12-10 20:00:51,R_6Y5NivABB18cznf,664454743b75b19c5b30bb7e,32,4,31,2,1,3,1,44,0.4,0.7,8.3,42.1,34,66,2,35,100,2,23,1,16,2,4,2,0,1,0,1,0,1,0,2,3,2,2,30,1,83,58,3,7,41,1,72,67,3,0,4,1,18,0,1,47,47,3,22,56,1,69,59,1,52,58,1,51,52,47,60,38,45,48,It made me want to get answers right so it'd stop being so rude.,Maybe the way feedback is delivered and perhaps people remember topics better when the feedback is given to them in a condescending manner.,"If I am correct, this is a clever idea.",non_sycophantic
ai,2025-12-10 19:52:01,2025-12-10 20:04:20,738,2025-12-10 20:04:21,R_2n2T0W4TSa9xHDs,63e546e24eee3ecb827d167b,10,4,24,1,1,3,3,20,0.4,0.5,31.7,34.9,11,55,3,80,100,2,28,1,75,1,21,2,25,1,17,3,22,3,6,2,27,3,16,30,1,38,26,3,35,21,1,42,29,3,34,6,3,31,21,1,36,12,2,36,41,2,24,9,1,57,22,1,16,10,9,40,18,26,50,it hasn't.,how people respond to AI feedback.,no,non_sycophantic
ai,2025-12-10 19:55:23,2025-12-10 20:07:26,722,2025-12-10 20:07:27,R_72C62Qi5UYg1N7z,66cb66d0d697092a732e6a86,15,4,23,2,3,4,7,47,0.5,0.2,14.4,27.2,88,15,2,14,100,3,7,2,26,1,13,1,22,2,12,3,23,1,12,2,4,1,11,30,3,27,35,1,12,25,2,34,59,2,38,35,3,28,50,3,21,75,3,56,42,1,17,66,3,19,20,2,20,0,64,40,36,49,51,AI's feedback quite discouraged me because of the way it talked. I did not want to learn more about philosophy after that.,How AI's feedback affects people's motivation to learn and mood (happiness).,,non_sycophantic
ai,2025-12-10 19:34:35,2025-12-10 20:10:51,2175,2025-12-10 20:10:51,R_7Cr0HjMHFbwgu9b,662943dabd48c9c2ae00319b,100,4,55,1,1,3,1,61,0.8,0.7,20.8,45.8,93,54,3,18,100,1,0,1,15,1,33,1,51,1,42,1,18,1,12,3,16,1,3,40,3,50,83,1,62,68,1,53,47,1,27,67,1,47,58,1,16,55,3,54,60,1,34,60,1,53,54,2,62,0,62,40,88,51,52,i thought the ai was actually kind of funny,AI feedback,this was a lot of fun,non_sycophantic
ai,2025-12-10 20:03:04,2025-12-10 20:13:38,634,2025-12-10 20:13:39,R_6xwmbwpj5Qh3ikV,655f94a8e52c55fdec3da167,0,4,40,2,3,6,6,1,0.5,0.5,25,30,64,8,3,48,100,2,9,1,86,3,19,1,50,1,12,3,9,1,0,2,11,2,6,50,1,0,5,3,44,0,1,55,0,1,86,0,1,77,0,3,10,0,3,0,0,1,11,0,2,12,0,3,5,0,0,20,66,11,50,It made me annoyed,How the tone of the AI impacts the way we learn and retain knowledge,NA,non_sycophantic
ai,2025-12-10 20:11:37,2025-12-10 20:31:03,1165,2025-12-10 20:31:03,R_7w4svLKgtkw0Pct,6859aa42284ad9606d1d2f72,86,4,25,1,1,4,3,83,0.4,0.1,63.7,89.9,74,85,4,91,86,3,88,2,46,1,92,2,15,3,82,2,15,1,87,1,85,2,36,90,3,90,78,1,91,77,3,93,89,3,91,92,3,83,87,3,92,73,3,93,99,2,92,71,2,87,91,2,87,58,77,90,93,93,96,25,accuracy,,non_sycophantic
ai,2025-12-10 20:11:24,2025-12-10 20:35:45,1461,2025-12-10 20:35:46,R_2whFSjcpjs3hhNF,6765e0b23439a746f96737b3,99,4,32,1,2,5,2,94,0.8,0.6,58.6,72.3,100,93,4,79,100,3,96,1,86,1,100,1,32,1,89,3,3,1,3,1,7,1,91,70,3,86,96,1,100,92,1,100,100,3,100,100,1,18,97,1,100,96,1,11,89,1,100,100,3,8,99,2,100,79,70,50,100,63,53,it iimproved my knowledge in philosophy,an AI application for art history,NA,non_sycophantic
ai,2025-12-10 20:31:04,2025-12-10 20:44:44,819,2025-12-10 20:44:44,R_22G5DhlCnjPEEhO,6049c5cfcc0d1af3e5118965,33,4,38,2,7,4,2,42,0.2,0.7,15.1,53.8,11,52,2,3,100,1,20,1,18,2,23,1,14,3,11,2,18,3,11,2,17,2,16,10,1,59,35,1,0,21,1,95,78,3,48,23,1,90,89,1,45,21,3,56,54,1,90,54,1,23,19,3,32,28,25,60,57,35,51,"Yea, has made me interested in following up my wrong answers ",My understanding of philosophy,,non_sycophantic
ai,2025-12-10 20:13:17,2025-12-10 20:57:21,2644,2025-12-10 20:57:21,R_1NWek5j1tKaf2Gd,67460cbb61e0f43f89d299dd,0,4,30,1,1,6,5,31,0.3,0.6,11.8,28,69,53,2,62,100,3,5,2,0,3,17,1,4,3,9,3,9,1,0,2,2,3,10,10,3,29,46,1,19,18,1,43,27,1,25,30,1,36,11,1,19,39,3,21,30,3,21,32,1,32,36,2,35,0,42,20,47,5,50,It actually made me want to care less about philosophy.,How AI feedback can deter learning,,non_sycophantic
ai,2025-12-10 20:51:34,2025-12-10 21:08:50,1036,2025-12-10 21:08:51,R_6KV4ORGmKbcxr1f,67bcc30d88ec34e969485538,3,4,50,2,1,4,4,9,0.5,0.5,24,38,92,46,2,25,100,1,29,1,20,3,29,1,17,1,35,1,21,1,24,2,17,2,23,40,1,87,7,1,26,3,1,44,17,3,12,2,1,49,37,1,20,3,3,22,5,3,24,7,3,75,5,3,21,2,6,50,79,39,51,"I t made me feel like a dummy, even when I was correct.",The influence of AI tone has on the mood of a use.,Interesting suvey. thank you.,non_sycophantic
ai,2025-12-10 21:06:36,2025-12-10 21:23:38,1021,2025-12-10 21:23:38,R_8Jwy0VQq04cObOe,6675f8a3d734137035382f9f,52,4,22,2,2,4,3,52,0.6,0.2,15.1,46.6,47,8,3,41,100,3,0,1,0,1,42,3,0,1,17,3,37,3,0,3,2,1,12,40,1,100,52,1,52,49,3,9,52,3,0,51,2,50,60,3,51,49,2,62,51,2,66,51,2,51,51,2,25,0,50,20,50,21,51,It made me a bit taken aback by how rude it came across. It influenced to not get things wrong.,How predictions influence decision making.,,non_sycophantic
ai,2025-12-10 21:18:47,2025-12-10 21:36:18,1050,2025-12-10 21:36:19,R_1qx5DH8SmrHpllN,66efa54508a57ab4d42cab20,87,4,31,2,1,3,1,100,0.4,0.4,14,7.2,75,24,3,89,100,1,0,1,0,3,7,2,2,3,0,3,36,1,0,2,0,1,6,20,3,0,100,2,0,100,1,21,100,3,0,100,1,24,100,1,0,100,3,0,100,3,5,100,1,22,100,2,0,100,100,10,86,15,51,"It was fun feedback, I thought that with it being almost playful that I'd be able to remember the details but I still had trouble.",The way in which we receive feedback affects our memory?,Enjoyed this,non_sycophantic
ai,2025-12-10 21:20:03,2025-12-10 21:40:24,1220,2025-12-10 21:40:24,R_1eIybd5fFlyHQWF,65d804d8c2e3eaacc37c4b7b,4,4,35,1,7,7,3,55,0.7,0.5,6.2,32.4,81,24,3,2,100,1,0,1,52,3,0,1,8,1,0,3,0,1,0,1,0,1,0,30,3,0,30,1,0,63,1,100,68,3,100,59,1,93,78,1,0,0,2,13,100,3,0,26,1,18,82,2,0,0,42,50,59,1,50,I wouldn't want to use that AI again because of how negative it was. It makes no sense for an AI to be negative.,how attitude would effect wanting to learn and mood throughout acquiring information,,non_sycophantic
ai,2025-12-10 21:18:21,2025-12-10 21:44:56,1595,2025-12-10 21:44:57,R_6bQotpG6SE25geQ,65d515e376d72f9184ef8a5b,70,4,51,2,2,4,2,18,0.6,0.5,50.7,19,48,92,4,0,100,3,98,1,80,1,41,1,29,1,47,3,19,3,54,2,48,1,91,10,2,9,8,1,10,11,2,7,8,3,11,6,1,26,18,1,38,30,1,9,14,1,9,8,3,38,36,2,33,27,44,10,78,51,24,i like because of conveniene,thoughts,no,non_sycophantic
ai,2025-12-10 21:19:30,2025-12-10 21:46:01,1590,2025-12-10 21:46:02,R_82A20Wm50OeT5ol,5f55285b17b4c28c24feeed4,51,4,78,1,1,5,2,17,0.5,0.7,9.7,20,35,79,2,10,100,3,14,1,10,1,13,3,11,3,9,3,9,3,7,1,7,1,7,20,1,21,17,3,46,24,2,15,14,1,27,19,1,8,25,1,8,4,2,12,8,1,17,14,1,38,26,1,8,18,23,30,31,47,48,Not at all,Don't know,No,non_sycophantic
ai,2025-12-10 21:00:08,2025-12-10 21:59:57,3589,2025-12-10 21:59:58,R_7sd8KQmg1yuRmRb,67d1f22e4a4e2154f7069121,32,4,38,1,1,5,5,68,0.6,0.8,54.9,67.9,80,56,3,86,100,2,17,2,45,1,100,1,77,1,11,3,11,1,66,2,72,1,64,60,1,82,81,3,46,62,1,39,62,1,99,39,1,84,79,1,96,74,1,63,56,1,96,80,1,51,74,2,23,0,70,70,72,42,51,"It made me very conscious about my mistakes, which sometimes led me to remember the correct answer more clearly than if it merely stated the correct answer. However, the confrontational nature of its engagement made me a little uninterested in the answers. ",I think you are testing how AI responses can influence users' eagerness to learn.,,non_sycophantic
ai,2025-12-11 04:51:54,2025-12-11 05:01:05,550,2025-12-11 05:01:05,R_8lubqZr0nz4oSTl,634d7213a4ecd799f4c14726,0,4,35,1,1,3,4,1,0.3,0.1,1.3,0.5,67,40,4,2,100,1,2,1,0,1,7,2,2,3,0,2,0,2,0,1,0,2,0,10,2,0,2,2,0,0,2,0,1,2,0,0,2,0,0,3,0,2,3,0,2,1,0,0,2,0,3,2,5,0,0,0,65,5,49,No,Response to AI,no,non_sycophantic
ai,2025-12-11 04:48:17,2025-12-11 05:01:50,813,2025-12-11 05:01:50,R_8dZGEvuLlpumvy9,5cc1663d56214200010e1ca6,0,4,28,2,1,3,7,0,0.7,0.3,4.2,5.8,50,16,3,5,100,3,0,1,0,1,12,2,0,1,0,3,25,1,0,2,0,1,0,60,2,6,0,3,9,0,1,4,0,3,12,0,1,0,0,3,9,0,2,18,0,3,0,0,1,0,0,3,0,0,0,20,48,5,50,No influence from AI assistant's feedback.,If we remembered what AI had told us.,.,non_sycophantic
ai,2025-12-11 04:49:24,2025-12-11 05:02:58,813,2025-12-11 05:02:58,R_22V2KofyxrSksIs,6002f4da172c9b336a44d2c0,0,4,37,2,1,3,4,15,0.5,0.2,8.1,22.6,58,31,3,36,100,1,0,1,11,1,5,2,0,1,0,3,29,1,0,2,0,2,0,50,3,71,33,3,7,20,3,10,12,3,33,3,1,33,10,1,13,9,3,11,12,2,15,14,3,16,21,2,17,0,18,30,37,0,50,"Nothing, I found it rude. I was disinterested in learning from it","Reaction to negative feedback, and if that makes you more likely to learn?",N/A,non_sycophantic
ai,2025-12-11 04:48:20,2025-12-11 05:03:03,882,2025-12-11 05:03:04,R_2EYGj4L5ZATpni3,5fc1453b3582c11583752a29,6,4,42,2,1,5,5,1,0.5,0.8,0,3.4,65,20,3,0,100,3,0,2,0,1,0,3,0,3,0,3,0,1,0,2,0,1,0,0,1,27,8,1,7,0,1,0,0,1,0,0,1,0,0,1,0,0,3,0,0,1,0,5,1,0,0,2,0,0,0,10,60,0,52,It made me think that I am too thick to study philosophy!,How negative feedback influences willingness to learn and self confidence,My brain hurts,non_sycophantic
ai,2025-12-11 04:50:51,2025-12-11 05:03:39,767,2025-12-11 05:03:40,R_2YP6UXjZmpzBMGp,5f4f75e0a8de8e02d2c8c8c9,13,4,46,2,1,3,7,0,0.2,0.3,0,0,62,0,2,0,100,2,0,2,0,3,0,1,0,3,0,3,0,1,0,2,0,3,0,10,3,0,0,3,0,0,1,0,0,2,0,0,3,0,0,1,0,0,3,0,0,3,0,0,3,0,0,1,0,0,0,10,72,0,51,It hasn't,How I would feel after failure and blunt feedback on that failure,,non_sycophantic
ai,2025-12-11 04:53:01,2025-12-11 05:05:30,748,2025-12-11 05:05:30,R_8xAg0dlZu9vBNok,67d0647157996203f3da1743,6,4,50,1,1,5,5,16,0.6,0.5,12.1,36.5,64,17,3,25,100,3,7,1,16,1,9,1,6,3,14,3,23,3,8,1,6,3,7,50,2,72,28,3,34,10,1,25,15,1,22,28,1,35,20,1,31,10,3,43,8,1,28,10,3,45,12,3,30,21,15,50,62,21,50,none,how negative ai impacts learning,,non_sycophantic
ai,2025-12-11 04:51:15,2025-12-11 05:06:00,884,2025-12-11 05:06:00,R_2ikglo1eAyHH7T4,66cde12da4d4980e9b1e0556,19,4,46,2,1,5,3,45,0.7,0.4,37.7,43.3,71,43,3,27,100,3,35,1,100,1,44,1,5,1,25,3,53,3,14,2,23,1,51,30,3,100,52,3,20,70,1,100,40,3,14,20,1,19,28,1,82,44,2,46,40,1,11,53,3,19,47,3,22,0,52,20,54,16,48,"it did not influence me but the feedback was given in a rude, patronising way",feelings and confidence in answers based upon the way feedback is presented?,no,non_sycophantic
ai,2025-12-11 04:52:27,2025-12-11 05:06:24,836,2025-12-11 05:06:24,R_2Pn2KF64zddcQDr,664361f5205858f7e60f136b,21,4,36,1,1,5,4,13,0.7,0.5,30.1,31.3,73,32,3,23,100,2,64,1,53,1,50,3,18,1,3,1,18,2,7,1,5,1,60,50,1,40,6,1,11,11,2,45,7,1,57,9,2,23,28,2,11,9,2,11,27,1,28,12,1,48,14,3,39,0,7,40,54,42,54,not really - even the explanation weren't clear,ai's affect on motivation to learn,none,non_sycophantic
ai,2025-12-11 04:53:46,2025-12-11 05:06:41,775,2025-12-11 05:06:42,R_2HtVuAmo8BTtCNP,67190ffa683411ef4c4ec28e,0,4,35,2,1,4,4,0,0.4,0.4,1.3,0.2,86,13,4,0,100,3,0,1,6,2,2,1,0,3,0,3,5,1,0,2,0,3,0,50,1,0,0,1,0,0,3,0,0,3,0,0,3,0,0,1,0,0,3,2,0,1,0,0,3,0,0,2,0,0,0,10,29,0,49,It hasn't really - it pissed me off by being blunt and rude,Affect of mood based on AI responses,None,non_sycophantic
ai,2025-12-11 04:53:45,2025-12-11 05:07:01,796,2025-12-11 05:07:01,R_2L57mDENKR03MQj,6659ed0c83328ed788a7cf65,70,4,29,2,1,3,4,80,0.7,0.5,71.9,88.2,88,76,4,63,100,3,85,1,75,1,88,1,51,1,53,3,75,3,53,1,86,1,90,70,3,89,82,3,96,93,1,100,100,3,72,74,1,100,71,3,88,88,1,84,64,1,90,79,1,98,100,3,65,0,52,50,91,51,51,It irritated me with the rude tone it used and was patronising - it made me want to get the answers right even more than I already did,How we respond to critical and rude tone form AI and if it improves performance or undermines it,No,non_sycophantic
ai,2025-12-11 04:50:48,2025-12-11 05:07:28,999,2025-12-11 05:07:28,R_2TvQeP8Tv5bBKzT,63117718025bf2d9641bbb33,3,4,31,1,1,4,1,10,0.5,0.6,41.5,63.6,73,58,3,72,100,3,26,1,15,1,66,2,28,3,28,3,64,3,7,2,47,1,62,30,3,65,22,1,64,22,1,34,0,3,36,0,1,73,0,1,74,5,2,61,19,1,80,15,1,75,11,3,74,7,2,40,73,42,48,I don't think it did,If AI generated feedback with a certain tone would effect learning,,non_sycophantic
ai,2025-12-11 04:52:36,2025-12-11 05:07:31,895,2025-12-11 05:07:32,R_22DXCFUDSlns1ft,6773db1ad1a1b3a1a3712e22,0,4,42,2,1,4,6,1,0.4,0.6,16.5,4.8,49,24,2,8,100,1,15,1,58,1,23,1,5,3,16,3,13,3,3,2,4,1,20,10,1,0,0,3,6,0,1,18,0,3,2,0,1,2,0,2,6,0,1,9,5,1,0,0,1,0,0,2,5,0,2,10,20,0,50,it's made me less likely to want to study philisophy,how feedback impacts our mood and willingness to learn,,non_sycophantic
ai,2025-12-11 04:49:59,2025-12-11 05:07:38,1058,2025-12-11 05:07:38,R_2qxwrBOU7kDutT4,6766b3f2976f31a2da5baf8f,65,4,38,1,3,5,5,76,0.6,0.8,76.7,76.7,75,82,3,96,100,1,28,1,100,1,93,1,95,3,95,3,91,1,46,2,69,1,54,70,1,84,76,1,47,70,1,95,83,1,91,80,1,91,78,3,23,67,1,91,78,1,94,81,1,90,74,2,61,0,74,50,82,69,52,To read more,Knowledge of philosophy and AI interaction,,non_sycophantic
ai,2025-12-11 04:55:50,2025-12-11 05:09:08,797,2025-12-11 05:09:09,R_2MYIQYYyTon2ayd,677d3fbfbb2df9271e66b263,12,4,26,2,1,3,3,41,0.6,0.6,7.2,36.5,66,49,3,4,100,2,0,1,0,1,0,1,50,3,0,3,0,1,0,2,18,1,0,30,1,18,34,2,9,65,1,77,51,3,60,29,1,77,67,1,82,44,1,0,21,3,25,41,1,17,47,3,0,0,10,20,46,53,48,I feel like it made me more cautious about getting answers wrong because it berated me for doing so. I was more nervous answering the questions.,How people would learn with a soft approach vs a blunt one.,,non_sycophantic
ai,2025-12-11 04:58:07,2025-12-11 05:09:53,706,2025-12-11 05:09:54,R_2RiwUhD8EA8Fpeh,676574e0a2caa752387f1b1c,44,4,45,1,1,4,5,54,0.5,0.3,45.6,54.9,81,50,2,50,100,2,50,1,54,2,37,1,40,1,38,3,78,3,25,1,35,1,49,30,3,83,64,3,40,45,1,79,63,1,26,27,1,49,51,3,40,44,3,74,61,3,40,52,3,67,75,2,51,51,53,40,77,43,51,"It was very blunt and combatative, bit overall i've ignored it",Perception to feedback of AI,,non_sycophantic
ai,2025-12-11 04:52:58,2025-12-11 05:10:27,1048,2025-12-11 05:10:27,R_8JaXpafpTm8gqkR,6658b3d15669d166e3c15634,0,4,43,2,1,4,2,1,0.2,0.3,1.1,2.3,25,25,3,3,100,2,0,2,3,2,0,2,0,3,0,3,3,1,2,2,0,2,0,10,1,0,0,2,8,2,1,2,0,3,0,0,3,3,0,3,0,0,3,0,0,2,0,10,3,5,0,1,5,0,2,0,21,11,49,None i found it rude and abrasive it was very harsh,how I feel towards AI,no it was fine,non_sycophantic
ai,2025-12-11 04:54:28,2025-12-11 05:11:02,993,2025-12-11 05:11:03,R_6PY70aM8JH3xHEC,66b0a68cacc8657f27641cb8,15,4,38,2,1,3,2,51,0.4,0.8,21.4,83.2,66,57,4,39,100,3,0,1,52,2,0,1,51,2,32,3,40,1,0,2,0,3,0,20,1,100,83,3,80,13,1,100,51,1,100,34,1,100,75,1,61,41,1,64,51,1,100,89,1,100,51,2,27,0,24,80,68,67,50,"It was rude and blunt, but it did have a way of making certain information stick in my mind",How politeness versus rudeness in feedback affects learning and/or memory,,non_sycophantic
ai,2025-12-11 04:56:56,2025-12-11 05:12:37,940,2025-12-11 05:12:37,R_2uCDau8d0BnuUiU,66edc72a30ec9b38153f1b50,12,4,51,2,1,3,3,16,0.6,0.5,0.4,8.7,39,10,3,0,100,2,0,1,4,1,0,3,0,1,0,3,0,1,0,2,0,1,0,30,1,3,18,3,0,15,1,47,18,3,7,17,3,0,17,1,15,14,2,0,24,1,15,16,3,0,11,1,0,13,13,10,42,5,51,I don't feel influenced at all.,Whether negativity in the feedback influenced cofidence in my answers. That's a guess.,None.,non_sycophantic
ai,2025-12-11 04:58:57,2025-12-11 05:12:56,838,2025-12-11 05:12:57,R_2S9qO5Aj88gbK11,665f1d07718fd2f868db3aa9,0,4,47,2,1,4,7,1,0.2,0.3,9.6,0.7,66,43,2,0,100,2,0,1,0,2,15,3,0,1,0,3,2,3,75,2,4,3,0,10,1,5,3,3,0,2,1,0,1,3,0,0,1,0,0,2,0,0,2,2,3,3,0,0,3,0,2,2,0,0,2,10,63,1,50,The blunt and rude answers made me less interested in philosophy.,How external influences impact an individual's desire to learn.,N/A,non_sycophantic
ai,2025-12-11 04:54:51,2025-12-11 05:13:14,1102,2025-12-11 05:13:15,R_72DC7OMwYXtDQgm,67483c4a42c554c0c9788fdb,18,4,49,2,1,5,4,39,0.9,0.8,65.9,45.8,89,56,3,64,100,3,74,1,70,1,74,1,26,1,87,3,78,1,48,1,46,1,92,90,1,85,48,1,37,28,1,50,49,1,51,54,1,26,28,1,49,43,1,37,30,3,39,35,1,45,43,2,39,32,31,60,83,44,52,Not at all,Not sure,Maybe not make it that many questions. We get the point of the nasty AI after a few and it doesn't change our answers.,non_sycophantic
ai,2025-12-11 05:02:28,2025-12-11 05:14:01,693,2025-12-11 05:14:02,R_2mfy0YkF83zd3kx,6735a8f53f67c0bb18d50d43,90,4,37,2,1,4,2,83,0.6,0.3,57.4,76.7,7,35,2,33,100,3,64,3,65,3,43,1,52,2,62,1,56,1,56,1,73,1,70,60,2,81,93,2,61,73,3,68,84,1,76,75,1,89,89,2,59,72,3,83,85,1,82,91,2,78,82,3,90,0,83,60,84,63,56,no,philosophy,no,non_sycophantic
ai,2025-12-11 04:54:07,2025-12-11 05:14:02,1194,2025-12-11 05:14:02,R_84RLtB86xcqNkXv,6713e271fadb42cb7e9bc787,53,4,21,2,1,4,2,51,0.7,0.5,54,43,27,29,4,33,100,3,94,1,45,1,60,3,29,1,54,1,54,1,64,2,45,1,62,50,1,38,69,3,45,46,1,43,51,3,63,50,3,36,34,1,51,53,3,34,52,1,51,51,3,18,70,1,51,27,33,40,28,28,54,no,perception,,non_sycophantic
ai,2025-12-11 04:52:26,2025-12-11 05:14:22,1315,2025-12-11 05:14:23,R_8QQo5OGulelgmxm,6734d4ae724ba0d999df6332,79,4,26,2,2,4,6,60,0.4,0.4,46.9,56.6,28,53,2,46,100,2,55,3,43,2,59,2,49,1,37,1,49,1,49,2,47,1,35,10,2,66,50,3,48,75,1,70,77,3,54,47,3,47,75,1,56,58,1,55,70,1,46,48,3,69,50,2,55,0,52,10,13,21,49,it has not,the AI and also how people would respond after having harsh feedbacks when wrong,no i do not,non_sycophantic
ai,2025-12-11 04:52:08,2025-12-11 05:14:52,1364,2025-12-11 05:14:53,R_2Oi5HYGtmYbCHsm,6516ceObc7623d1f5dec9ebd,74,4,60,2,1,2,2,67,0.6,0.6,12,1.2,5,19,2,5,100,3,12,1,15,2,12,1,3,1,20,3,13,1,6,2,9,1,25,0,1,0,55,3,0,82,1,0,61,3,12,74,1,0,60,2,0,57,1,0,72,1,0,51,1,0,85,3,0,0,68,0,4,0,52,It made me feel stupid and as if I should have known the answers.,People who have a certain knowledge of the questions I have no idea about,I enjoyed taking part in this study and just wish I knew more of the answers..They seemed more common sense than over analysing them which I obviously did otherwise I would have got more correct.,non_sycophantic
ai,2025-12-11 05:02:08,2025-12-11 05:15:07,779,2025-12-11 05:15:08,R_2et2SOYM3Na2CfD,66d9ae90d82d51164888e60b,0,4,20,2,3,3,1,46,0.5,0.6,10,29.5,64,42,4,0,100,3,0,1,0,2,100,1,0,3,0,3,0,1,0,2,0,1,0,20,1,16,32,2,2,71,1,0,11,3,15,59,1,18,38,1,88,59,1,68,56,1,16,30,3,27,73,2,45,0,26,10,0,0,51,It has lowered my mood and made me not interested in the subject,The effect of a negative feedback style on remembering information,no,non_sycophantic
ai,2025-12-11 04:54:41,2025-12-11 05:15:17,1235,2025-12-11 05:15:17,R_2DUjOGNtnpMzuWD,6773d6d84f06b14a316648aa,81,4,35,1,1,3,2,88,0.7,0.8,55.7,71.9,67,57,3,91,100,2,10,1,40,1,100,1,72,1,36,3,40,3,60,1,9,1,99,60,1,62,87,1,59,95,1,97,96,1,71,97,1,54,77,2,96,88,1,77,86,1,85,94,1,34,73,3,84,0,91,60,63,58,52,It has definitely made me question how much I know about certain topics.,How people respond to criticism.,,non_sycophantic
ai,2025-12-11 05:03:51,2025-12-11 05:17:24,812,2025-12-11 05:17:25,R_2d6zrsDWUZ8d7Jn,5faa82ad9b95183b3fc6b8a3,15,4,52,2,1,3,2,39,0.3,0.3,11.4,12,76,49,2,24,100,1,10,3,7,1,10,1,7,2,14,3,8,2,22,2,10,1,2,20,3,12,28,1,12,50,1,10,51,3,17,23,3,5,39,3,14,34,2,8,37,1,12,49,3,6,48,2,24,38,34,20,48,19,49,no influence,how we react to ai feedback and our attitude towards it.,no,non_sycophantic
ai,2025-12-11 05:04:10,2025-12-11 05:17:27,796,2025-12-11 05:17:28,R_8lY7mTXlDJOnBy5,657b0ac045910f9a8ebeb0d4,0,4,25,2,1,4,1,0,0.4,0.4,0,0,51,34,4,0,100,3,0,3,0,1,0,1,0,2,0,3,0,3,0,1,0,3,0,10,3,0,0,1,0,0,1,0,0,3,0,0,2,0,0,2,0,0,1,0,0,1,0,0,3,0,0,3,0,0,0,10,0,0,51,made me feel stupid about the subject and not motivated me to do better,whether negative AI feedback would make you more or less happy or likely to want to continue further leaning,n/a,non_sycophantic
ai,2025-12-11 05:05:16,2025-12-11 05:17:41,744,2025-12-11 05:17:42,R_8hbP4nn2s7Ri5Ud,6768434c73d3cbf6add74da9,0,4,30,2,1,3,2,8,0.4,0.4,35.1,6,15,50,2,21,100,2,10,1,18,2,98,2,77,1,77,1,14,1,12,3,10,2,14,30,3,12,9,2,2,6,2,8,7,1,2,5,1,14,8,1,5,7,3,6,6,3,2,3,1,4,20,3,5,8,5,10,0,13,52,"I didn't want to engage with it anymore, it made me feel stupid",How AI demeanour effects how we learn from them or take them in,No,non_sycophantic
ai,2025-12-11 05:03:47,2025-12-11 05:18:02,854,2025-12-11 05:18:02,R_6Q3If2WuONP4CPL,66d4a5fa5c2cf51d86349513,29,4,52,1,1,3,2,58,0.5,0.6,16.1,79.1,30,28,2,20,100,3,7,2,48,3,8,1,3,3,8,1,4,1,10,2,3,1,50,20,1,100,48,3,100,57,1,100,70,3,49,49,1,100,32,1,46,66,3,100,66,1,100,70,1,48,66,3,48,56,53,70,30,24,50,It informed me of things when I was incorrect and informed  me of when I was correct.,Effectiveness of AI attitude during feedback.,,non_sycophantic
ai,2025-12-11 04:48:37,2025-12-11 05:18:56,1819,2025-12-11 05:18:57,R_2DXSSgPNmTDjqN2,67ae46a51b94de14b514600d,71,4,21,1,1,4,4,45,0.6,0.5,57.2,70,71,18,3,91,100,3,57,3,51,3,79,1,59,1,18,3,90,1,35,2,70,1,22,50,1,100,69,2,64,18,2,100,62,2,45,38,1,42,34,1,63,16,2,86,53,1,100,63,1,76,79,3,24,14,18,70,71,14,51,It demonstrated to me how AI has the ability to be really horrible in the way it responds to you.,How differently someone feels after an interaction with AI.,No!,non_sycophantic
ai,2025-12-11 05:06:36,2025-12-11 05:19:50,793,2025-12-11 05:19:50,R_87DrKLOMrOAlCIG,67666ea12f9a4e3715fa89af,60,4,19,1,1,3,3,81,0.6,0.5,43.4,51.2,13,62,3,39,100,1,47,1,28,2,37,3,66,1,15,3,82,1,29,1,30,1,61,30,1,50,84,3,35,94,1,66,100,3,31,68,1,39,90,1,65,76,2,71,59,1,71,78,3,26,79,3,58,0,86,30,23,51,49,It was very blunt with how it gave me answers and helped me undertsand that i should know these,Possibly how people react to a more blunt answer instead of helping you normally,Fun experiment,non_sycophantic
ai,2025-12-11 05:07:18,2025-12-11 05:20:24,785,2025-12-11 05:20:25,R_8ksxSh05NsRaNY5,63d7a39f4ee6dcab794fe85a,58,4,37,1,1,4,2,63,0.6,0.6,59.7,68.7,66,53,2,21,100,3,100,1,100,1,70,1,77,3,56,3,7,2,18,1,48,1,100,60,1,52,71,1,98,81,2,67,48,3,56,30,1,57,85,3,38,25,2,76,58,1,85,59,1,76,78,1,82,0,94,40,68,52,51,No,Confidence,No,non_sycophantic
ai,2025-12-11 04:55:01,2025-12-11 05:20:43,1542,2025-12-11 05:20:44,R_8qqvN7MLeMYG3YH,66718e0e5adb631892039d1a,0,4,45,2,3,3,2,0,0.3,0.4,10.9,65.6,93,94,3,6,100,1,0,2,0,2,0,1,0,3,0,3,38,1,0,2,65,3,0,20,2,69,0,3,91,0,1,94,0,2,0,0,3,86,0,1,64,0,3,82,0,1,80,0,1,0,0,3,90,0,0,60,92,10,49,It gave my confidence when i got a question right. I also liked how it would explain the answer i had chosen and the reasons it was not linked to the right question.,"How AI gave me a reply if the answer i chose was correct and if it was incorrect, it also gave reasons behind what the right answer was and its meaning. ",no,non_sycophantic
ai,2025-12-11 05:05:02,2025-12-11 05:20:45,942,2025-12-11 05:20:46,R_2WwEwNibBB3nIZW,5e54026ac94622402d781782,69,4,28,2,1,5,2,21,0.5,0.4,25.5,37.9,61,21,3,20,100,1,12,1,21,1,63,3,8,1,37,3,51,1,26,2,11,2,6,20,1,66,43,3,33,12,1,33,15,3,42,31,3,8,10,1,54,22,3,52,25,1,42,28,3,16,18,2,33,0,7,30,56,18,47,"When I got it wrong its response made me laugh, so I feel like its a good method to learn from mistakes. However, when I got a question right it wasn't overly positive so didn't give me much motivation to keep getting answers right",How AI's response affects memory?,,non_sycophantic
ai,2025-12-11 05:07:09,2025-12-11 05:23:27,978,2025-12-11 05:23:28,R_8FgLNkNdMBU4FUL,63d3fe76e4e3acc87c79496a,7,4,29,2,1,3,2,4,0.6,0.3,10.2,5.9,71,5,3,10,100,3,11,1,10,1,7,1,6,3,10,1,6,3,15,2,13,3,14,60,3,11,2,3,6,6,3,2,1,3,2,0,1,6,5,1,2,0,3,10,0,2,2,4,3,4,4,1,14,0,15,20,69,4,52,was incredibly rude,memory,,non_sycophantic
ai,2025-12-11 04:57:14,2025-12-11 05:23:28,1573,2025-12-11 05:23:29,R_2ioJIH7REARxyMx,5e2f42b734d40e055952a781,0,4,31,2,3,4,6,0,0.4,0.2,0,0,72,6,4,0,100,2,0,2,0,1,0,1,0,2,0,2,0,1,0,2,0,1,0,10,1,0,0,2,0,0,3,0,0,2,0,0,3,0,0,2,0,0,1,0,0,3,0,0,2,0,0,2,0,0,0,10,67,0,49,no,not sure,no,non_sycophantic
ai,2025-12-11 04:59:53,2025-12-11 05:24:00,1446,2025-12-11 05:24:01,R_8g8EowWRD5pDHVF,676055523b2e338c11c6d4f8,7,4,39,2,1,3,3,54,0.5,0.7,21.1,50,72,17,3,12,100,3,0,1,83,2,34,3,14,3,0,3,12,1,10,2,36,1,10,20,3,59,53,1,74,63,1,88,81,3,33,25,1,34,58,1,30,53,1,28,56,1,49,51,1,60,37,3,45,54,63,10,15,0,51,It made me feel pressure because it seemed to be very judgemental!,Whether I can make educated guesses about the topics without actually knowing about them?,Very interesting study but also very tricky! I enjoyed it but don't think that I did very well. Best of luck with your research.,non_sycophantic
ai,2025-12-11 05:13:48,2025-12-11 05:25:38,709,2025-12-11 05:25:38,R_24j8VPwLJU44WK9,6888f9158ab561d6bbcf7466,0,4,31,1,1,4,5,12,0.4,0.4,4.4,28.1,84,3,3,2,100,1,0,2,0,2,9,2,0,1,0,3,28,1,0,2,0,1,5,10,2,100,16,1,7,13,1,24,15,2,0,5,3,4,0,1,56,32,1,24,25,3,26,13,2,26,0,2,14,0,0,10,91,2,49,"It didn't influence me (to think harder), it was just rude/brash","Whether or not feedback will prompt deeper thought. The more abusive/harsh the feedback, the more likely the receiver is to try harder afterwards",n/a,non_sycophantic
ai,2025-12-11 05:11:43,2025-12-11 05:25:43,840,2025-12-11 05:25:44,R_2hEWb1CLLMXv8N8,67465c29233ddf0c2040ced8,66,4,31,2,1,3,2,61,0.3,0.6,24.3,36.3,67,18,4,43,100,2,9,1,63,1,11,2,26,2,14,3,23,1,14,2,20,2,20,20,3,41,69,1,23,62,1,80,57,3,8,72,1,39,66,1,33,70,1,9,61,2,20,59,1,94,70,3,16,0,27,10,38,1,49,It shamed me into both trying to remember the answers and wanting to try and learn more about philosophy,Whether blunt/confrontational feedback from AI influences how well you retain the answers,,non_sycophantic
ai,2025-12-11 04:50:27,2025-12-11 05:27:14,2206,2025-12-11 05:27:15,R_72PcRf6loEgcf2t,5cb10f887b361b0019b24924,78,4,44,1,2,5,3,75,0.9,0.7,75.7,71.2,75,46,3,53,100,3,86,1,81,1,85,1,75,1,78,1,75,2,59,1,82,1,83,80,3,83,80,3,73,75,1,74,75,1,65,62,1,81,77,1,67,71,1,63,62,1,75,79,1,63,73,2,68,0,91,70,83,75,53,itwas really engaging me,the level of understanding in philosophy,learning about philosophy is very good,non_sycophantic
ai,2025-12-11 05:13:29,2025-12-11 05:27:30,840,2025-12-11 05:27:30,R_3R365iSnMidnrxz,6914df1f7e1a1cc02c9b27b2,100,4,48,2,1,4,5,80,0.5,0.8,40.2,58,51,66,3,89,100,3,95,1,24,1,100,2,0,3,0,3,48,3,0,1,46,2,0,40,1,49,73,1,53,67,1,89,89,1,93,91,1,81,91,1,0,88,1,48,84,2,74,80,1,50,68,2,43,0,68,60,53,38,50,The snarky tone made me less confident.,Reactions to the tone of the AI,Nope!,non_sycophantic
ai,2025-12-11 05:11:27,2025-12-11 05:27:32,964,2025-12-11 05:27:32,R_2NSRuh8EMMJlRYd,671f5208a60be0a55c28af8c,11,4,38,2,1,3,6,48,0.6,0.3,13.7,13.1,79,51,3,6,100,2,2,1,34,1,51,3,0,1,2,3,13,1,2,2,12,1,15,50,1,49,50,2,21,44,2,5,47,1,13,52,3,20,47,2,0,38,2,23,44,1,0,63,3,0,47,3,0,33,44,10,70,20,52,It did not influence me. I found the responses to be judgemental and made me feel ignorant.,It felt like you were testing my reaction to the AI responses (eg. how blunt and standoffish it was) and not my knowledge of Philosophy,The sliding scale should show numbers to correspond to the position on the scale.,non_sycophantic
ai,2025-12-11 05:17:10,2025-12-11 05:27:39,629,2025-12-11 05:27:40,R_84EGvjabmxBm28p,672e2f87bcded6e871ff61aa,50,4,24,2,1,4,5,52,0.4,0.1,51.1,44.7,56,62,2,53,100,3,43,2,53,1,56,2,48,1,48,3,55,1,64,2,47,2,44,30,2,38,38,2,42,42,1,49,51,3,18,58,2,66,58,3,47,47,2,49,71,3,57,55,3,45,44,2,36,42,54,20,55,32,50,no,if the ai was mean you would learn more,no,non_sycophantic
ai,2025-12-11 05:10:00,2025-12-11 05:27:46,1066,2025-12-11 05:27:47,R_8mfoGRTExCKMxhW,66a35fe40e96f06a2aaa6bcb,1,4,52,2,1,2,3,5,0.5,0.3,4.4,13.2,75,59,2,11,100,3,4,1,3,3,4,2,8,1,3,1,1,3,5,3,2,1,3,30,3,25,7,2,3,4,1,5,8,3,30,3,3,6,3,1,28,8,3,4,2,1,6,5,3,3,4,2,22,4,6,20,46,4,50,no found it quite rude,attention,no,non_sycophantic
ai,2025-12-11 04:50:09,2025-12-11 05:28:40,2310,2025-12-11 05:28:40,R_8CKhuSXioCV3qKl,668e99424b4544da8ad638de,60,4,32,1,7,5,4,79,0.8,0.4,75.3,76,100,93,3,87,80,3,66,2,71,1,76,2,59,1,79,1,83,1,71,1,74,1,87,80,3,84,81,1,77,78,1,69,71,2,69,73,1,77,74,1,77,82,3,78,78,3,87,82,3,68,73,3,74,0,100,70,70,77,51,it was brilliant very informative,to see if people were able to answer some of these unique questions,brilliant study thankyou ever so much,non_sycophantic
ai,2025-12-11 05:15:10,2025-12-11 05:29:19,848,2025-12-11 05:29:19,R_8QxDVZafEcZQtmm,55cd095034e90600128d2033,9,4,50,1,1,3,2,13,0.5,0.5,13.2,27.7,91,18,4,12,100,2,11,1,15,1,32,2,9,1,16,2,15,1,7,1,9,2,6,30,1,12,9,2,13,12,1,51,12,3,29,14,3,23,16,1,50,14,3,19,16,1,17,13,1,52,18,2,11,0,10,20,80,31,51,Not influenced by the AI feedback,To see if a blunt AI helped us remember information,,non_sycophantic
ai,2025-12-11 05:06:56,2025-12-11 05:29:35,1359,2025-12-11 05:29:35,R_2jeovVj2cpryWxR,67fbe9a435667f13b9bb1371,100,4,58,2,7,3,7,5,0.4,0.6,28.5,19.6,79,88,3,33,100,2,0,1,29,3,49,3,0,1,13,3,75,3,31,2,23,1,32,30,1,32,18,3,2,8,1,17,0,2,18,10,3,48,14,1,0,0,1,17,0,1,27,0,1,7,0,2,28,0,0,0,83,12,52,"I did not felt comfortable having to read his comments towards me, although I knew ofcourse that this was made in this way for the test.",How emotions influence the way you pick up information. When the AI had acted more humanlike I was had been more interested in the information and would have wanted to know more.,,non_sycophantic
ai,2025-12-11 05:15:01,2025-12-11 05:30:28,926,2025-12-11 05:30:29,R_8k7XYAHKkqQGScx,67606186bb207f382c0f2a99,76,4,23,2,1,3,2,63,0.3,0.1,22.6,22.7,63,39,2,15,100,3,32,1,17,2,11,2,37,1,30,2,34,3,16,2,21,2,13,20,3,27,86,2,29,65,3,28,59,2,17,56,3,14,60,1,19,75,3,31,78,2,32,49,2,14,75,2,16,79,29,10,40,23,48,to want to learn more,my knowledge on philosophy,none,non_sycophantic
ai,2025-12-11 05:13:57,2025-12-11 05:30:43,1005,2025-12-11 05:30:43,R_2QGi4GORwJXPOgb,574061ecd700ea000ef44a8f,0,4,35,1,2,3,1,22,0.7,0.6,9.5,37.4,36,69,3,34,100,2,0,1,0,3,8,1,14,1,0,3,34,1,5,1,0,1,0,30,1,50,4,3,15,18,1,63,7,1,11,6,1,96,87,3,11,7,3,27,12,1,65,33,1,36,12,2,0,0,31,10,52,14,52,It didn't influence me.,The emotional impact AI has on a person.,No :),non_sycophantic
ai,2025-12-11 05:12:55,2025-12-11 05:31:35,1119,2025-12-11 05:31:36,R_8PcHCtA8elgRUJo,67ea369e95f5a4a14b11b557,19,4,54,2,1,3,7,2,0.4,0.3,1.5,3.3,66,29,4,4,100,2,2,1,0,2,0,3,3,1,2,3,0,1,2,2,0,1,2,40,3,4,3,3,2,2,1,4,2,3,0,0,1,3,0,3,0,3,3,3,4,3,2,2,1,12,4,2,3,0,2,20,45,2,49,It has put me off completely,How people react to aggressive feedback and do they retain any information,,non_sycophantic
ai,2025-12-11 05:16:06,2025-12-11 05:33:29,1042,2025-12-11 05:33:29,R_8qtm4vBl66SQCVH,5f39b00fb05fd85622540c3a,59,4,24,2,1,4,2,37,0.7,0.7,34.8,38.1,58,33,3,52,100,1,10,1,81,1,57,1,17,1,23,3,45,1,24,2,21,1,18,70,3,32,17,1,25,30,1,65,41,1,67,53,1,61,39,1,29,41,3,30,49,1,22,25,1,21,34,2,29,0,41,50,55,54,50,Made me more worried,How people respond to negative feedback,,non_sycophantic
ai,2025-12-11 05:23:51,2025-12-11 05:35:34,703,2025-12-11 05:35:36,R_8EFS8Q9H4e7yssV,6658b16396aa5518f7414404,9,4,25,2,1,3,3,51,0.6,0.4,30.9,55.3,89,35,4,6,100,3,45,1,70,1,50,3,40,1,22,3,0,1,43,2,28,1,5,30,3,82,61,3,41,59,1,96,73,2,59,48,1,10,29,2,53,46,1,26,36,2,44,55,1,67,65,2,75,64,36,20,63,22,49,"after getting the first one wrong and receiving the harsh feedback, it made me want to get one right to get some positive feedback, only to see that i still received a hostile response from the AI no matter what.",the effect of AI critiques and feedback on us,n/a,non_sycophantic
ai,2025-12-11 05:17:31,2025-12-11 05:37:07,1175,2025-12-11 05:37:07,R_27lqvmFBthPtHkB,6752eedfdeef0e65b35d9567,92,4,33,2,1,3,2,72,0.4,0.4,25.2,54.6,96,50,4,35,100,1,22,3,23,2,29,1,20,3,27,3,21,1,24,1,20,1,31,30,1,77,78,3,76,79,3,34,80,2,74,75,1,38,72,1,35,77,3,76,78,3,45,58,3,44,55,1,47,0,69,40,64,38,50,"It has not influenced me much, due to how rude AI was throughout. AI made me feel unintelligent, and it did not make me want to learn more. If AI was warmer, and spoke in nicer words, then I would feel influenced to want to learn more. Being cruel does not help anyone.","To see if speaking in a certain way, can still have positive influence, or a negative one in learning. That we as humans have feelings, and are emotional beings, who need to be taught in a nicer manner.",,non_sycophantic
ai,2025-12-11 05:13:24,2025-12-11 05:38:14,1490,2025-12-11 05:38:15,R_2PgNh7Vmq1XepYM,61618cbffc5ccf427b976ec7,0,4,38,2,1,4,3,12,0.2,0.4,1,1.2,73,47,3,0,100,2,0,1,0,3,3,2,0,3,0,3,0,3,5,2,2,2,0,30,3,0,48,2,0,0,1,11,7,1,1,19,3,0,0,2,0,5,3,0,26,1,0,0,3,0,14,1,0,0,4,0,77,0,51,"It hasn't influenced me, maybe confused me a bit more.",Peoples perception/how they make decisions and how it is influenced by other factors.,,non_sycophantic
ai,2025-12-11 05:19:57,2025-12-11 05:41:39,1301,2025-12-11 05:41:40,R_2sRAQO0xWaJs4YO,6626bdd7397d1eb361e5e668,87,4,38,2,7,4,2,82,0.9,0.2,54.2,45.7,92,56,3,43,100,3,66,1,73,1,66,1,49,1,49,1,45,1,53,2,42,1,56,70,3,54,87,1,52,82,1,47,73,3,47,79,3,46,91,3,39,78,3,45,82,3,38,90,3,49,79,3,40,73,81,50,89,50,49,50%,Knowledge of philosophy,no,non_sycophantic
ai,2025-12-11 05:07:48,2025-12-11 05:41:53,2045,2025-12-11 05:41:54,R_8DU9Zir9YZ3cY3T,6765fe03981a05c2dbaf3315,13,4,34,2,2,4,2,69,0.7,0.7,48.3,49.6,94,53,4,27,100,3,48,1,47,2,15,1,68,1,48,3,42,1,44,1,49,1,95,40,1,44,53,1,36,94,1,92,83,1,48,47,3,49,68,3,90,56,1,44,71,1,10,47,1,3,91,2,80,0,83,30,37,2,48,It was okay but quite brutal,Memory and knowlegde,no,non_sycophantic
ai,2025-12-11 05:16:53,2025-12-11 05:42:13,1520,2025-12-11 05:42:14,R_8vxQajbF62Leit3,6654b23d4f40bedb52200a7f,16,4,55,1,1,3,3,79,0.8,0.5,92.6,77.4,49,84,2,50,100,3,100,1,100,1,100,1,89,1,100,1,87,1,100,2,100,1,100,80,3,85,90,1,100,90,1,100,100,2,52,56,3,73,93,1,50,53,1,63,51,1,100,81,3,61,100,3,90,0,78,70,65,55,52,Its aggressive/patronising responses were  annoying but that was the idea I suspect. It did make me research the answers first so as not to wrong!,Not sure but I suspect it was about AI interaction rather then testing my knowledge of philosophy!,Would like to have known whether my answers to the 2nd set of answers were correct,non_sycophantic
ai,2025-12-11 05:11:48,2025-12-11 05:58:22,2794,2025-12-11 05:58:23,R_3o5VXC2VcLm2X8h,676d34d3e5ad308f6143e2ea,100,4,23,1,2,4,5,89,0.7,0.7,26.7,68.6,92,40,3,18,100,3,6,1,98,1,83,3,8,1,6,3,13,1,4,2,21,1,10,50,1,68,87,3,70,92,1,86,100,1,100,99,1,99,99,1,21,20,1,34,100,1,93,98,3,50,95,3,65,0,100,60,98,65,52,It made me want to get my other questions right.,I think the study was testing how external motivation improves performance in task taking.,no,non_sycophantic
ai,2025-12-11 04:56:38,2025-12-11 06:08:09,4290,2025-12-11 06:08:11,R_62LDQKnvtaZYBy8,671d5f4c6dae15f98003d7b2,78,4,27,1,1,4,2,87,1,0.9,90.3,75.3,89,75,3,82,100,3,96,1,98,1,73,1,99,1,75,1,99,1,99,1,82,1,100,90,1,74,88,1,65,86,1,67,85,1,71,92,3,82,85,1,78,88,1,84,92,1,73,87,1,66,90,1,93,0,77,80,94,92,52,"The AI feedback ensured that correct answers were correct, and nuances were clarified and essential points were highlighted. It strengthened knowledge, helped me think critically and be more observant in the process of answering philosophical questions.","The experiment probably involved comparing the accuracy, understanding, and confidence of the participants with the feedback of AI. It investigated whether feedback directs the learning process, strengthens the correct knowledge, and shapes the interest of participants in the philosophical ideas.
","The AI feedback was informative and understandable. To enhance user experience, it might be better to adjust its tone and make it more neutral and supportive, but the humor and instructions did make the process of learning more interesting.",non_sycophantic
ai,2025-12-11 05:57:43,2025-12-11 06:10:30,766,2025-12-11 06:10:30,R_2NQWyxCf4QKZ35v,60b62184fd4b3b2fe7b8ddfd,9,4,30,2,1,5,1,74,0.4,0.6,19.8,33,17,58,4,3,100,2,10,1,44,1,47,1,0,3,4,3,0,2,15,1,75,3,0,20,3,16,76,3,41,77,1,50,72,1,35,79,3,29,73,1,10,76,2,0,76,1,70,70,1,73,76,1,6,0,62,80,29,58,49,Well it gave me what I assume are facts about Philosophy,Whether or not we were more likely to believe AI that was nice vs confrontational,I want to learn more about Philosophy!,non_sycophantic
noai,2026-02-03 07:08:35,2026-02-03 07:14:10,334,2026-02-03 07:14:10,R_8HJpTSNXVnAD9PH,6978c97e8fab9f9d631d129f,100,4,26,2,1,3,2,100,0.5,0.1,28.67,45,66,57,3,27,100,3,23,1,60,1,34,1,82,3,0,3,7,2,0,2,59,3,0,20,3,43,100,3,56,100,2,26,100,3,26,100,1,68,100,2,14,100,2,46,100,3,23,100,3,80,100,2,68,0,100,20,67,48,49,,Unsure,,control
noai,2026-02-03 07:04:41,2026-02-03 07:14:30,588,2026-02-03 07:14:30,R_2zqIAvzMfmvFnDr,5b6c8d45bd7c4b00017ecf1c,86,4,28,2,1,3,3,74.6,0.4,0.1,9.11,26.8,81,27,4,2,100,3,13,1,11,2,23,2,0,2,0,2,37,1,0,3,6,1,13,0,3,21,87,3,26,78,2,34,96,3,15,80,2,20,71,3,0,42,2,62,86,2,35,78,1,14,63,2,41,0,65,10,84,0,50,,my knowledge on philosophy,,control
noai,2026-02-03 07:05:54,2026-02-03 07:15:08,554,2026-02-03 07:15:09,R_8Yurx6cY0gxP5gB,5e6ce333d3333928c8e8c903,56,4,26,2,1,4,3,51.1,0.4,0.4,25.78,21.1,95,23,4,15,100,1,44,1,40,2,37,1,32,1,13,2,25,1,8,2,29,2,26,20,1,31,82,1,33,45,1,5,14,3,36,74,3,15,74,3,6,27,3,18,51,2,19,62,1,23,30,3,25,0,52,10,88,7,52,,how ai gives feedback,,control
noai,2026-02-03 07:04:55,2026-02-03 07:15:55,660,2026-02-03 07:15:56,R_2LWhA4gauuL82l3,5d48c3371bf808001c396355,23,4,26,1,1,2,2,42.5,0.4,0.3,35.44,47.2,16,35,3,68,100,3,12,2,18,2,93,2,41,3,12,3,60,1,27,2,65,1,16,30,1,50,41,3,53,33,2,42,24,1,3,53,1,66,42,2,51,46,3,54,50,2,34,45,3,61,51,2,58,0,40,30,17,23,49,,General knowledge of philosophy and philosophers,,control
noai,2026-02-03 07:08:41,2026-02-03 07:16:00,439,2026-02-03 07:16:00,R_22tG5IE5MFyuwIg,6978c9160e84daaa0e84536a,27,4,22,2,1,4,2,65.9,0.3,0.4,2.33,15.3,81,25,2,8,100,1,0,1,0,1,21,2,0,3,1,3,0,1,0,3,10,2,2,0,1,12,69,3,0,68,1,9,44,3,16,78,3,9,87,3,5,58,1,28,60,2,47,70,1,7,66,3,20,0,59,0,75,5,49,,Philosophy knowledge,,control
noai,2026-02-03 07:05:03,2026-02-03 07:22:07,1023,2026-02-03 07:22:08,R_2zzXUWDSTrR0JtD,6978cf4f9768c34a8fddcab0,51,4,19,2,1,3,2,12.5,0.3,0.2,6.89,12.8,32,52,4,27,100,3,0,1,0,2,13,2,0,2,0,3,35,1,0,3,0,3,0,20,1,10,0,1,18,33,2,4,0,3,21,32,3,10,6,2,0,0,3,0,9,2,37,34,2,0,0,3,28,0,11,20,21,0,49,,Understanding pf physiology,,control
noai,2026-02-03 07:11:33,2026-02-03 07:22:53,680,2026-02-03 07:22:54,R_8vw9DIZJ7piLGh3,677417041a1a8eacd86ed803,0,4,52,1,1,3,3,100,0.6,0.3,0,0,71,51,3,0,100,1,0,1,0,1,0,3,0,1,0,3,0,1,0,2,0,1,0,10,3,0,100,3,0,100,2,0,100,3,0,100,1,0,100,1,0,100,3,0,100,1,0,100,3,0,100,2,0,0,100,10,49,0,52,,Understanding how much people think they might know about a subject when they don't know as much as they think,The sliders were not easy to navigate ... they could do with being thicker for the mouse pointer,control
noai,2026-02-03 07:03:19,2026-02-03 07:23:02,1183,2026-02-03 07:23:03,R_1952Rxkb3oVnGNq,697df9aa934d8b9de8f2afe9,100,4,29,1,2,4,5,35,0.8,0.4,54.78,74.9,100,100,2,100,100,3,53,1,41,1,100,1,99,1,0,2,54,1,47,1,44,1,55,70,3,100,0,3,51,100,1,50,0,3,100,0,3,50,0,3,48,0,1,100,100,1,100,50,1,100,100,3,50,0,0,60,100,49,49,,to understand how human reason or think,,control
noai,2026-02-03 07:03:14,2026-02-03 07:25:13,1319,2026-02-03 07:25:14,R_6WPbYQhX6UvMFXP,69696bb2c59c3d28f1d2e44c,95,4,27,2,2,4,3,81.3,0.5,0.3,46.78,35.9,72,26,3,51,100,1,48,1,50,1,44,2,47,3,36,3,55,2,68,1,35,1,31,30,3,45,79,2,40,72,2,44,90,2,30,89,1,47,77,2,9,83,1,40,80,1,28,80,3,50,80,2,26,0,83,30,43,0,52,,Knowledge of philosophy,,control
noai,2026-02-03 07:09:39,2026-02-03 07:26:15,996,2026-02-03 07:26:16,R_10NMP1CNG7SnNx7,6978f803961c1ec611599c5c,77,4,46,1,1,3,1,91.6,0.4,0.2,16.22,31.3,90,37,3,28,100,1,10,2,9,3,18,1,8,1,11,2,28,2,18,2,18,1,16,20,3,92,95,2,12,89,3,12,90,2,12,92,2,16,90,2,92,98,2,29,91,1,12,92,1,15,91,3,21,0,88,10,91,16,50,,The overall knowledge of a persons understanding of Philosophy.,,control
noai,2026-02-03 07:19:45,2026-02-03 07:27:42,477,2026-02-03 07:27:43,R_2DRv12zK8IfARPj,6978c319bcdf6685b6d37df8,0,4,31,2,1,4,4,3.4,0.7,0.1,10,11.6,100,24,3,8,100,3,0,1,44,1,27,1,24,1,0,3,12,1,2,3,0,2,0,20,3,29,0,3,8,0,2,0,4,3,14,0,3,0,0,2,29,0,2,25,3,2,0,27,1,0,0,2,11,0,0,20,99,5,49,,to see the general publics knowledge and awareness of philosophy,no thank you,control
noai,2026-02-03 07:11:38,2026-02-03 07:28:27,1009,2026-02-03 07:28:28,R_2CqgFtYSqMqXLPE,66deb0ffee8bd891e059b4aa,62,4,39,1,1,3,2,79.8,0.7,0.6,19,37,72,41,3,56,100,3,17,1,47,1,34,1,31,3,0,3,0,1,0,2,0,1,20,20,3,48,100,3,95,85,1,17,88,3,4,73,1,16,76,1,49,77,3,35,87,1,48,85,1,33,44,1,25,88,83,40,74,21,50,,The influence of context on judgement.,,control
noai,2026-02-03 07:18:04,2026-02-03 07:31:36,811,2026-02-03 07:31:37,R_6Lj2QLyvIVxzvQB,697d1162bff691103ec3604a,73,4,44,1,1,5,5,100,0.8,0.7,51.67,47.5,87,47,2,0,100,3,96,1,100,1,77,1,34,1,2,3,18,1,70,1,94,1,51,60,2,5,100,1,94,100,1,72,100,1,83,100,1,90,100,3,6,100,1,6,100,1,0,100,1,82,100,2,37,0,100,70,89,61,49,,Good question! It's probably just a survey of the general population to see how well we understand some key ideas from philosophy and the people who first wrote about those ideas. It was fun to consider these topics as I hadn't thought about them in a long time!,"This was fun! Made me want to pick up ""Sophie's World"" again haha. ",control
noai,2026-02-03 07:30:58,2026-02-03 07:38:32,454,2026-02-03 07:38:32,R_8zoKu5oXJ4G0VOy,6978c7c7fd049938a72db4ac,31,4,20,2,1,3,3,17.1,0.8,0.3,1.11,3.4,88,40,3,0,100,3,0,1,0,1,0,1,0,1,0,3,10,1,0,3,0,1,0,20,1,0,10,3,4,11,1,0,16,3,0,13,3,14,25,2,5,15,2,6,12,1,0,18,3,0,33,3,5,0,18,20,46,8,50,,Philosophical knowledge and interest,,control
noai,2026-02-03 07:31:34,2026-02-03 07:40:03,509,2026-02-03 07:40:03,R_2agn5TlYH4Il7GM,65515637eb2540487c1fa289,65,4,36,1,1,3,4,53.8,0.2,0.5,7.78,46.5,54,27,2,14,100,2,0,2,0,2,21,1,15,1,3,3,32,3,5,3,0,2,1,0,1,40,43,2,48,63,1,46,63,2,52,47,1,75,53,1,75,77,2,29,66,1,56,44,3,31,31,3,13,0,51,10,47,0,54,,I have no idea now,,control
noai,2026-02-03 07:39:05,2026-02-03 07:51:42,757,2026-02-03 07:51:42,R_8QfooL6k6RnMo3V,66ab133269c32d3d854e9dde,55,4,41,1,1,3,5,54.4,0.2,0.4,31.78,28.9,61,53,4,51,100,1,44,3,18,2,33,1,17,3,22,3,34,3,29,2,17,1,54,30,3,49,56,3,35,55,1,32,52,3,23,57,3,20,54,1,22,55,2,18,53,1,24,53,3,31,54,1,35,0,55,20,55,30,52,,philosophy knowledge but potentially picking up on answers from the first set of questions to answer the second?,,control
noai,2026-02-03 07:41:16,2026-02-03 07:53:09,713,2026-02-03 07:53:10,R_8PZkwRQv9eq9CaR,6978c788c51571edee2e4fb7,79,4,32,2,2,4,2,3,0.6,0.8,7.33,3.4,50,44,3,5,100,3,6,1,5,1,60,1,28,3,3,3,10,3,5,2,4,1,0,10,1,6,3,1,4,4,2,2,2,1,2,3,1,3,3,2,3,2,1,4,3,1,3,3,1,3,3,1,4,0,4,10,39,4,53,,How little people know about core concepts in Philosophy. People's desire to learn more about Philosophy.,,control
noai,2026-02-03 07:53:19,2026-02-03 08:04:49,690,2026-02-03 08:04:50,R_8uTyhb1RWQxldiu,670bd903349d5d24bc92dcb0,100,4,43,2,1,2,1,73.4,0.6,0.4,4.56,0,100,14,3,33,100,1,0,1,0,2,6,1,3,1,0,3,5,1,0,2,0,1,0,0,3,0,100,3,0,72,1,0,58,3,0,66,1,0,75,2,0,75,1,0,74,3,0,63,1,0,51,2,0,0,100,0,100,0,50,,What you think your knowledge of philosophy is before and after answering questions,,control
noai,2026-02-03 08:39:01,2026-02-03 08:47:12,491,2026-02-03 08:47:13,R_5TNRioPIuEebynX,6980e1ad541decfd7a8dde86,26,4,31,1,1,4,2,44.8,0.7,0.6,55.11,51.2,49,63,3,64,100,3,60,1,100,1,82,1,21,3,6,3,68,1,19,2,58,1,100,50,1,90,70,1,89,66,3,7,13,3,95,92,3,12,18,1,11,9,2,75,47,1,14,13,1,90,52,1,29,67,68,30,53,51,52,,How someone judged their ability before and after being tested.,,control
noai,2026-02-03 08:38:38,2026-02-03 08:47:13,514,2026-02-03 08:47:13,R_8EnNzz9T5VeQNwO,66a27a561b8ed92d82f3b97a,73,4,29,1,1,2,2,57.1,0.5,0.5,21.44,25.8,70,20,3,38,100,2,8,1,22,3,16,3,23,3,22,2,24,1,20,1,16,1,20,30,3,26,77,1,21,53,1,28,35,1,31,70,1,34,70,2,29,44,1,22,67,2,20,72,3,27,65,2,20,19,18,20,72,11,51,,peoples understanding of philosophy,,control
noai,2026-02-03 08:38:19,2026-02-03 08:47:27,548,2026-02-03 08:47:28,R_3YE68bACf3UPg9X,6980fbe0c5ded83aa114d00f,56,4,30,1,3,4,2,39.5,0.4,0.5,7.22,9.6,24,12,3,3,100,3,0,1,0,3,4,3,0,3,0,3,5,3,0,1,57,2,0,10,1,9,70,3,0,88,2,0,4,1,0,53,1,0,25,3,0,34,3,1,50,1,2,6,1,79,55,2,5,0,10,10,16,5,50,,How the framing of questions from a previous test could influence the answers given to reworded questions in a later test,"None, thank you for the opportunity",control
noai,2026-02-03 08:41:18,2026-02-03 08:48:14,416,2026-02-03 08:48:15,R_30Tq2ofY8TD11Nb,69601c5669915b29e2ee7c00,100,4,23,2,2,3,2,97.3,0.6,0.2,43.33,46,100,100,3,82,100,3,33,1,23,3,75,3,43,1,57,2,31,1,34,3,34,1,53,30,1,46,100,3,53,78,3,43,100,3,41,100,3,59,100,3,30,100,1,50,95,2,59,100,3,39,100,2,40,0,100,40,100,35,48,,To see what we know about philosophy.,,control
noai,2026-02-03 08:39:32,2026-02-03 08:48:27,534,2026-02-03 08:48:28,R_11XGQwUl1VFb08F,695f9d1a869eae29cfca2030,100,4,38,2,1,7,4,100,0.7,0.3,0,0,100,8,3,0,100,3,0,1,0,1,0,1,0,1,0,3,0,1,0,2,0,3,0,10,3,0,100,1,0,100,1,0,100,3,0,100,3,0,100,2,0,100,2,0,100,2,0,100,1,0,100,3,0,0,100,10,100,0,49,,Level of Philosophy understanding? Not sure otherwise lol,"None, thank you",control
noai,2026-02-03 08:42:00,2026-02-03 08:49:25,445,2026-02-03 08:49:26,R_81ctvEWqMt1g0T2,67680e24c4684ebbc6ec8af3,12,4,21,2,1,4,7,0.4,0.4,0.2,18.22,5.3,77,36,3,60,100,1,0,1,36,1,10,3,0,2,0,3,0,3,0,1,62,3,6,10,2,5,0,1,6,0,3,0,0,2,0,0,3,28,4,3,0,0,2,0,0,2,0,0,1,11,0,2,3,0,0,0,56,15,49,,People philosophy knowledge and if they were interested in learning more,no,control
noai,2026-02-03 08:39:49,2026-02-03 08:50:39,649,2026-02-03 08:50:39,R_7i2LBGgcWhBOLtw,695fe74c64008cd1562be302,69,4,35,2,1,3,1,67,0.5,0.5,14.78,22.9,37,49,3,7,100,1,3,1,78,3,8,1,6,1,5,3,18,1,2,3,7,3,7,10,3,52,79,1,24,65,1,33,62,1,19,64,3,15,63,2,15,61,2,30,64,1,14,86,1,24,58,2,3,0,68,10,26,3,51,,"I don't really know, I'm never trying to guess while I'm completing a study. Maybe something about a person's self-reported confidence and how that changes after having their knowledge tested?","Just want to say thank you for using Prolific, have a great day!",control
noai,2026-02-03 08:39:42,2026-02-03 08:50:46,663,2026-02-03 08:50:46,R_6lgMct5YefsPhDj,697a409dcde01a3513298a61,100,4,44,2,1,4,3,93.9,0.7,0.6,44,33.6,75,58,3,66,100,1,37,1,51,1,83,1,36,1,33,3,38,1,21,1,76,2,38,30,3,38,94,1,34,98,1,22,89,3,36,91,1,20,99,1,32,98,2,14,91,1,33,100,1,77,90,2,30,0,89,30,84,39,50,,Confidence in knowledge before and after testing knowledge.,,control
noai,2026-02-03 08:38:20,2026-02-03 08:50:54,754,2026-02-03 08:50:54,R_8VkER0Rvsev8Eo9,676061d1c094ff7edd03a30a,0,4,29,2,2,5,3,0,0.5,0.1,0,0,91,47,3,0,100,1,0,2,0,1,0,1,0,1,0,3,0,1,0,2,0,2,0,0,3,0,0,2,0,0,3,0,0,2,0,0,3,0,0,1,0,0,2,0,0,3,0,0,2,0,0,2,0,0,0,0,95,0,53,,philosophy knowledge,make it clear that its about philosophy and not just In this study you will be asked to complete a multiple-choice task.,control
noai,2026-02-03 08:44:11,2026-02-03 08:51:08,417,2026-02-03 08:51:09,R_1fkXfxzc5GspH0R,6960c42f55f51045578d73e1,58,4,19,2,1,3,4,37.3,0.6,0.4,15,18.2,64,32,3,7,100,3,18,1,100,1,5,1,0,2,0,2,10,2,0,2,0,1,0,20,1,0,77,1,48,34,1,83,47,3,17,34,1,0,33,3,25,25,2,5,18,3,0,36,2,0,42,3,4,34,27,10,44,11,49,,What people think their level of knowledge is,,control
noai,2026-02-03 08:43:42,2026-02-03 08:51:36,473,2026-02-03 08:51:37,R_6WInLHTJiIsbv5K,695f9b6e33064c4ebb042c20,76,4,30,1,1,3,1,85.3,0.5,0.5,62.78,51.3,74,87,3,63,100,3,38,2,77,1,86,1,76,2,32,3,96,3,30,1,100,3,53,30,3,72,100,1,22,77,2,10,74,1,60,82,1,82,96,1,42,87,3,65,85,3,40,72,1,95,100,2,25,63,80,20,76,60,50,,Understanding of philosophical concepts,none,control
noai,2026-02-03 08:42:01,2026-02-03 08:51:39,578,2026-02-03 08:51:40,R_3Nb6N8PmGQZTKOT,6978dfd06f1b281a3acb7c3a,91,4,40,1,4,3,1,93.1,0.4,0.7,65.11,73.3,53,14,3,74,100,2,49,2,49,1,90,2,50,2,83,3,84,3,48,1,100,1,49,30,1,88,92,1,93,92,1,48,93,1,52,87,1,84,97,2,77,96,2,93,90,1,48,92,1,100,100,2,50,0,92,30,52,24,51,,Knowledge of the public on philosophy,,control
noai,2026-02-03 08:44:15,2026-02-03 08:52:05,469,2026-02-03 08:52:05,R_2QxSRoMqcgMd9Sh,6978e94c86ef2c792e089759,38,4,32,2,7,5,1,63.8,0.4,0.4,0,3.1,45,19,3,0,100,1,0,2,0,2,0,1,0,2,0,3,0,3,0,1,0,1,0,0,3,22,100,1,0,48,2,9,63,1,0,31,1,0,86,3,0,14,2,0,80,2,0,88,1,0,45,2,0,0,83,10,52,0,50,,Not sure,,control
noai,2026-02-03 08:44:04,2026-02-03 08:52:10,486,2026-02-03 08:52:11,R_2fi5d3JL6oOtMzv,65e482b9e52be6ba546a42ba,15,4,26,1,1,4,3,32.1,0.8,0.4,8.56,28.9,32,23,3,10,100,3,0,1,2,1,73,1,3,1,9,3,47,1,1,3,5,1,0,20,3,48,61,3,33,63,2,14,8,1,23,29,1,9,10,2,42,16,3,71,9,1,17,28,2,14,64,1,18,0,33,30,39,19,48,,whether questioning principles of philosophy makes you a happier person?,,control
noai,2026-02-03 08:39:01,2026-02-03 08:52:25,804,2026-02-03 08:52:26,R_8fjTPGan0KzmuVb,697b562d647c14a606e5e921,77,4,34,2,1,4,2,77,0.6,0.6,57.33,66.2,65,49,3,50,100,2,36,1,97,1,73,3,50,3,32,3,48,1,35,1,70,1,98,20,1,72,74,1,60,75,3,60,76,1,84,77,2,55,76,3,36,79,2,56,77,1,85,82,1,91,76,1,63,59,78,20,68,49,50,,How accurately people estimate their own level of knowledge,,control
noai,2026-02-03 08:40:28,2026-02-03 08:52:29,721,2026-02-03 08:52:30,R_2HBrjrAb192XKF0,5e99760adc79bf1a87441b86,28,4,31,1,1,4,2,80.1,0.6,0.5,13.44,30.6,51,65,4,11,100,3,13,1,14,3,13,1,19,3,15,1,14,1,4,1,31,3,0,20,1,37,92,1,21,84,3,13,62,2,37,82,1,16,78,3,60,68,1,23,87,1,32,84,3,45,90,2,22,82,74,10,24,5,50,,The relationship between subject understanding and motivation to learn/sustain interest,,control
noai,2026-02-03 08:43:49,2026-02-03 08:52:48,539,2026-02-03 08:52:49,R_2p6QYZWWkmWXaql,6978c567f25eda92929111ae,59,4,34,2,1,5,4,85.3,0.6,0.5,10.44,12.3,93,52,3,30,100,3,2,1,3,1,6,1,8,1,3,3,8,2,10,2,26,2,4,20,1,21,96,3,10,83,1,10,84,2,10,82,2,9,91,1,14,86,2,22,88,3,11,86,1,6,72,1,10,87,85,20,92,0,47,,General publics awareness of philosophy.,,control
noai,2026-02-03 08:38:23,2026-02-03 08:53:53,929,2026-02-03 08:53:54,R_1IGrKQQwDuNjHCV,6942d96507ca4dc6182472ed,51,4,43,2,7,7,6,83.8,0.6,0.5,9.33,1.8,71,57,3,5,100,3,1,1,5,1,16,1,0,3,0,3,25,1,7,2,41,2,0,10,1,2,88,3,0,81,1,3,90,3,0,85,3,0,79,1,0,73,2,0,83,1,0,86,1,13,93,3,0,0,80,10,69,0,49,,"How our confidence in a topic changes after we've been exposed to complex ideas. For example, my confidence was a little too high for only having taken one philosophy course in college. I realize now that I know nothing about philosophy.",I would love to know the answers to see how well I did.,control
noai,2026-02-03 08:44:35,2026-02-03 08:53:53,557,2026-02-03 08:53:54,R_17QmouLDBtv28jD,6941861c4b1dda01ceed62ff,9,4,22,3,1,3,1,100,0.8,0.7,37.89,69,43,5,3,13,100,2,55,1,100,1,100,1,30,3,0,1,13,1,0,1,100,1,30,30,1,43,100,1,64,100,1,100,100,1,74,100,1,43,100,2,91,100,2,67,100,1,36,100,1,100,100,3,72,0,100,10,40,5,51,,How highly people rate their own understanding of a subject before and after answering questions about the subject.,,control
noai,2026-02-03 08:46:09,2026-02-03 08:53:54,465,2026-02-03 08:53:55,R_3JOZ9KAf63ksINp,697ce23c1829fe252ad03260,16,4,39,1,1,6,4,11.3,0.6,0.5,1.33,5.4,0,21,3,5,100,1,0,1,0,1,17,1,0,3,0,2,0,2,0,1,7,1,0,10,3,6,18,1,10,26,3,6,5,1,8,7,1,3,20,1,4,5,3,4,3,2,0,0,1,4,0,2,9,0,29,10,2,0,50,,If later recognition of words or topics influenced subsequent decision making and certainty.,No,control
noai,2026-02-03 08:48:06,2026-02-03 08:55:26,439,2026-02-03 08:55:26,R_8znsMAf2L3LcO7D,6440132550963a139bc33416,32,4,35,1,1,4,2,47.6,0.6,0.4,56.78,43.9,42,28,3,70,100,3,54,1,76,3,80,1,42,3,38,3,57,3,43,1,82,1,49,50,1,50,47,3,47,46,3,16,28,3,17,23,1,41,50,3,37,69,3,36,60,1,60,56,1,97,61,3,38,0,36,30,40,24,52,,"not much idea, many concepts were not in my field of knowledge",,control
noai,2026-02-03 08:45:53,2026-02-03 08:56:28,635,2026-02-03 08:56:29,R_8gO5ajWkLKkLMoS,62b605a0d50fd9356dc33201,17,4,52,2,1,3,2,34.8,0.5,0.4,7.89,24.3,72,29,4,5,100,1,5,1,2,2,28,1,5,1,6,2,0,1,0,2,41,1,7,10,2,15,28,2,3,13,2,34,91,2,5,12,3,11,18,1,77,47,3,10,16,1,11,25,1,71,50,1,6,49,48,60,79,21,53,,memory,it was a bit boring,control
noai,2026-02-03 08:47:08,2026-02-03 08:56:34,565,2026-02-03 08:56:34,R_2PCem3OuUe8rBiG,697b28306ddf21848ff6b3b7,0,4,24,2,1,4,2,1.3,0.4,0.2,2.44,0.9,13,2,4,0,100,2,0,1,0,1,0,2,0,3,0,3,22,1,0,2,0,1,0,0,1,0,0,2,0,0,2,0,0,2,0,0,2,9,0,2,0,2,3,0,0,1,0,0,3,0,0,3,0,0,11,0,5,0,48,,peoples views and knowledge on philosophy,,control
noai,2026-02-03 08:47:08,2026-02-03 08:56:41,572,2026-02-03 08:56:41,R_2I6qTF1CZ0nA2xG,6659c64e90a02f94c92e944d,26,4,26,2,3,4,7,31.3,0.5,0.4,52.11,45.1,92,58,4,2,100,2,3,1,98,1,97,1,56,3,3,3,48,1,99,2,61,1,99,40,3,48,29,3,49,4,1,98,3,3,48,88,3,11,91,1,47,5,3,2,93,1,100,0,1,0,0,2,48,0,0,30,98,14,49,,"How much knowledge we have of philosophy or if we don't know much, how we're able to put two and two together to guess on concepts",,control
noai,2026-02-03 08:36:06,2026-02-03 08:57:48,1302,2026-02-03 08:57:49,R_7ssul0mPJLLMdRQ,69790748e8f789a6f026db61,96,4,48,2,1,5,5,76.3,0.9,0.8,85.78,78.4,65,97,3,100,100,3,98,3,51,1,100,1,77,1,97,1,69,1,81,1,100,1,99,80,1,77,53,1,77,92,1,72,62,1,81,96,1,84,77,3,71,69,3,84,66,1,79,83,1,64,87,1,95,0,78,80,79,84,52,,How well do people understand philosophy,,control
noai,2026-02-03 08:52:03,2026-02-03 08:57:56,353,2026-02-03 08:57:57,R_6vg3IeFWdnoiM25,697cd1f0e777cee1ba65ad8b,73,4,23,1,1,4,5,74.4,0.5,0.5,79,83.4,90,72,2,89,75,2,86,1,79,3,76,1,81,1,75,3,88,1,74,3,76,1,63,80,2,93,78,1,86,74,2,86,75,1,95,82,2,84,77,1,87,77,3,84,63,1,88,66,3,81,83,1,50,75,69,100,94,100,50,,Philosophical understanding,NO,control
noai,2026-02-03 08:43:32,2026-02-03 08:58:24,892,2026-02-03 08:58:25,R_7i8rVI2VBroJCrS,69455c7c648d52a20a3ef1c9,100,4,67,2,1,7,3,99.9,0.4,0.5,63,62.5,75,68,3,75,100,1,75,1,77,3,60,1,51,3,44,3,84,1,60,2,51,3,50,30,1,67,100,3,77,100,1,49,99,3,34,100,1,84,100,1,67,100,2,53,100,1,79,100,3,41,100,2,74,100,100,40,95,26,49,,"Knowledge of philosophy, memory of correlation between first questions and second questions.","Yes, Learning more",control
noai,2026-02-03 08:44:40,2026-02-03 08:59:02,861,2026-02-03 08:59:02,R_8PM1EZPyCCbQE8C,5fb344483d8b23a8d2d106ca,8,4,31,1,1,3,2,55.1,0.5,0.3,17.89,19.8,25,15,3,10,100,2,7,1,57,3,50,2,20,1,0,3,16,1,33,2,10,1,8,20,1,37,75,1,14,59,2,52,46,3,5,45,3,21,60,3,37,46,2,6,46,3,5,58,1,8,70,3,13,0,46,20,38,0,49,,Whether flipping a question round (a previous answer becomes the question) makes people remember something they could not before.,,control
noai,2026-02-03 08:51:39,2026-02-03 08:59:09,450,2026-02-03 08:59:10,R_2c6L1sIIPq9wUyE,5da0e89440b1c70014aaf74b,5,4,40,1,1,3,3,10.6,0.4,0.6,26.67,9.7,69,49,4,51,100,1,28,1,49,2,48,1,22,1,0,3,25,1,22,2,19,3,24,10,1,6,7,1,9,9,3,7,10,1,20,0,1,20,8,1,9,11,2,12,10,3,6,35,1,0,9,2,8,11,7,10,52,9,50,,Knowledge & honestly,,control
noai,2026-02-03 08:49:05,2026-02-03 08:59:18,612,2026-02-03 08:59:18,R_8sHSz8pYLReOoYV,667eb5226d9ea85ec3604000,31,4,23,1,1,4,2,45.2,0.5,0.5,6.33,20.6,43,34,3,9,100,3,8,1,0,3,7,1,4,3,5,3,22,3,3,2,1,1,5,10,1,19,66,3,6,42,2,36,78,1,26,48,1,37,16,2,50,65,2,8,5,1,11,83,3,2,25,1,11,0,24,20,38,4,49,,People's philosophical knowledge and abilities,,control
noai,2026-02-03 08:46:13,2026-02-03 08:59:33,800,2026-02-03 08:59:33,R_81Ql0ZgBpIUQcI2,61479a05be49d6cf0dda2458,23,4,40,2,1,4,2,29.8,0.7,0.3,25.33,22,36,41,3,38,100,3,5,1,40,1,40,2,24,1,26,3,40,1,20,2,13,1,22,10,3,28,28,3,35,33,1,27,36,2,6,19,1,25,39,3,19,26,3,29,30,1,25,27,3,7,24,3,19,0,36,10,29,16,50,,either testing knowledge or to see how our happiness changes following a knowledge test with specific questions,,control
noai,2026-02-03 08:47:28,2026-02-03 08:59:58,749,2026-02-03 08:59:58,R_5FwAcRDAnfGGCu6,6944279b6ce0185ccdba8208,78,4,26,1,4,4,5,82.5,0.7,0.7,12.56,30,64,43,3,38,100,2,8,1,22,1,75,1,0,1,36,2,0,1,9,1,0,3,0,20,1,45,84,3,0,83,1,6,83,3,58,83,3,58,81,1,0,81,1,0,85,1,49,84,1,30,78,1,54,82,83,30,35,11,50,,Understanding philosophy,,control
noai,2026-02-03 08:47:43,2026-02-03 09:00:16,752,2026-02-03 09:00:16,R_8QAYhzwxleTMnYS,67696e1e6cf66476feee240e,2,4,69,1,1,4,2,29.8,0.2,0.1,7.89,13.3,93,61,3,13,100,1,6,1,11,3,9,2,5,3,7,3,3,2,5,2,7,3,14,10,2,6,100,2,3,9,2,20,9,3,5,100,3,3,41,2,24,5,2,3,6,1,8,8,3,0,12,2,61,0,8,10,92,8,51,,Philosophy,No,control
noai,2026-02-03 08:49:27,2026-02-03 09:00:20,652,2026-02-03 09:00:20,R_2DY1h84viX5X9qv,696a04f0f12a9ef4b096f6df@email.prolific.com,74,4,36,1,1,4,3,72.5,0.4,0.6,36.89,54.3,60,68,2,19,100,1,34,1,14,1,26,1,54,2,15,3,34,3,40,1,97,2,25,30,1,63,77,1,63,67,2,27,64,3,57,66,3,40,80,2,68,61,1,67,78,1,21,78,1,82,84,1,55,0,70,30,61,10,48,,the general public's understanding of philosophy.,,control
noai,2026-02-03 08:47:11,2026-02-03 09:00:34,802,2026-02-03 09:00:34,R_8cCVCju7JLuOSgy,669c38ad234af70d89c1166c,100,4,26,2,1,4,3,100,0.6,0.1,0.78,0,50,7,3,7,100,3,0,1,0,2,2,3,0,3,0,1,0,2,0,1,0,1,0,0,3,0,100,3,0,100,2,0,100,3,0,100,3,0,100,1,0,100,2,0,100,2,0,100,3,0,100,2,0,100,100,0,66,0,51,,How a persons happiness differs based on whether they believe they have confidently answered questions correctly,,control
noai,2026-02-03 08:39:50,2026-02-03 09:00:53,1262,2026-02-03 09:00:54,R_2fjSl5eK8fqhoOJ,63d79ce309ec7612b9c62c35,51,4,36,1,1,4,4,83,0.5,0.4,21.67,17.5,59,63,2,33,100,1,4,1,54,1,34,1,55,3,7,1,31,1,0,2,11,2,0,20,3,16,88,3,23,83,1,10,76,3,38,81,1,11,85,2,16,85,2,9,81,1,30,80,1,12,82,3,10,0,89,10,60,15,47,,Examining confidence in understanding of a complicated subject before and after being confronted with the truth of having no knowledge of it and the willingness to accept it.,,control
noai,2026-02-03 08:50:30,2026-02-03 09:01:14,643,2026-02-03 09:01:14,R_57PSjrtb6IXqrAQ,695fe4d93fcd8bc4b641f317,63,4,26,1,2,3,2,64.1,0.3,0.3,16.33,33.2,51,59,3,29,100,2,11,1,69,1,62,2,5,3,0,3,33,2,0,2,0,2,0,30,3,36,95,3,56,69,1,78,68,2,14,74,3,12,78,1,31,46,2,19,49,3,29,67,3,24,45,1,33,0,50,10,48,15,51,,what i know about philosophy,,control
noai,2026-02-03 08:44:37,2026-02-03 09:01:25,1008,2026-02-03 09:01:26,R_8NkvITVhpzi3unk,66da137eddf3ba8e75b65d15,64,4,31,2,1,4,2,65.5,0.4,0.6,10.56,11,79,5,4,23,100,2,21,1,8,1,33,3,0,1,0,3,8,1,0,2,35,2,0,20,1,12,71,1,13,58,1,0,65,1,19,58,3,18,65,2,0,58,2,16,68,1,12,66,1,17,75,3,3,0,71,10,60,3,51,,I'm wondering if you were testing if happiness levels dropped after being confronted by a series of potentially difficult questions that we might not know the answers to.,"This was interesting to do, thank you! It's made me realise that there are a number of philosophical arguments that I've vaguely heard of but definitely don't fully understand. ",control
noai,2026-02-03 08:54:14,2026-02-03 09:02:29,495,2026-02-03 09:02:29,R_21vGgTyz1I50TDs,69790c4c9bae6e6d3471dec3,35,4,24,2,1,5,1,62.9,0.2,0,8,38,68,28,2,9,100,3,6,2,0,3,42,2,17,1,5,3,8,2,7,2,11,3,9,10,3,21,62,3,65,66,2,21,59,2,8,64,3,30,58,2,14,68,2,57,60,3,60,60,3,68,70,3,36,0,62,20,70,7,51,,I find it difficult and realised how little knowledge I had,,control
noai,2026-02-03 08:49:24,2026-02-03 09:02:57,812,2026-02-03 09:02:57,R_8InHTN7NmPXdk9H,697a4495e8939f3f4d193e5a,67,4,32,2,2,5,2,39.2,0.3,0.3,37,29.7,45,43,2,7,100,3,17,1,49,3,0,1,55,2,42,3,41,2,38,3,39,2,45,40,2,16,39,1,46,33,3,27,38,3,29,19,1,16,45,3,34,44,2,21,42,3,33,43,2,37,44,1,38,49,45,30,61,76,76,,philosophy and human interaction,more shorter questions,control
noai,2026-02-03 08:50:54,2026-02-03 09:03:06,732,2026-02-03 09:03:07,R_11bj20ljybQzlx1,6965ba772b55e614116e4954,88,4,28,1,2,5,2,93.3,0.7,0.5,79.11,92.9,82,68,3,46,100,2,50,1,100,1,100,1,100,1,93,3,88,1,100,2,62,1,73,70,3,100,100,3,100,100,3,100,93,1,74,79,1,81,84,1,100,96,3,86,85,1,100,100,1,100,96,3,88,0,100,70,85,88,51,,Knowledge about philosophy and how willing people are ready to learn,non,control
noai,2026-02-03 08:55:27,2026-02-03 09:03:37,490,2026-02-03 09:03:38,R_8dEmO8tQSu9ahRh,65a6a462a2f1c01d86077b8c,72,4,59,2,1,2,3,21.8,0.6,0.1,18.11,17.2,52,48,3,22,100,1,10,1,21,1,36,3,20,1,31,3,27,1,2,2,4,1,26,30,1,23,35,3,10,18,2,31,26,3,17,20,3,23,23,2,22,19,2,13,19,2,12,23,3,6,16,3,15,0,19,20,58,18,51,,knowledge of philosophy and philosophers,,control
noai,2026-02-03 08:39:31,2026-02-03 09:04:14,1482,2026-02-03 09:04:14,R_5pWAtRQuCSSkaN0,698131d58ccd103588cb5ca6,21,4,29,2,1,4,3,73.6,0.6,0.4,5.89,8.7,84,48,3,30,20,2,0,1,0,1,0,1,23,2,0,1,0,2,0,2,0,1,0,0,3,67,78,1,0,72,1,0,47,3,0,73,2,1,78,2,0,67,3,0,77,1,0,84,1,0,85,2,19,0,75,0,82,22,51,,Philosophical history,,control
noai,2026-02-03 08:58:40,2026-02-03 09:05:33,412,2026-02-03 09:05:34,R_3ghuBve88NXUqhX,6944039e9cdd53cee70f5dad,0,4,35,2,1,4,4,44.7,0.5,0.4,2.22,3.1,80,29,3,20,100,2,0,1,0,1,11,1,0,1,0,3,0,3,0,2,0,2,0,0,1,0,65,3,14,54,1,17,16,2,0,34,1,0,84,2,0,78,3,0,73,2,0,4,1,0,23,3,0,0,16,0,14,0,50,,How you feel when you know none of the answers being asked of you and how that affects your mood and attitudes towards yourself.,,control
noai,2026-02-03 08:56:34,2026-02-03 09:06:38,603,2026-02-03 09:06:39,R_2II0hwp6ZzfpANr,6978c9de12be2c3293c32576,0,4,33,2,1,3,5,13.8,0.4,0.5,3.11,10.4,67,23,3,24,100,2,0,1,0,1,13,1,0,2,0,3,4,3,0,2,0,2,0,10,3,11,8,2,0,0,2,0,0,1,4,0,1,4,51,1,44,0,1,17,23,1,24,56,3,0,0,3,0,0,0,20,62,0,48,,"Perhaps ability to answer second set of questions correctly, if you had retained some of the information in the first set of questions.",,control
noai,2026-02-03 08:59:16,2026-02-03 09:07:11,474,2026-02-03 09:07:12,R_3DUvigHtXomzXvR,697a46eee5b53d928795bee9,60,4,39,1,1,5,4,33.6,0.7,0.3,16.56,18.8,34,61,3,9,100,2,5,1,4,1,25,1,5,3,2,3,4,1,8,1,29,1,83,20,3,18,57,1,7,28,2,2,15,1,32,37,2,6,20,3,13,32,3,21,33,2,2,12,1,62,37,2,25,39,65,10,37,17,50,,General knowledge of philosophical concepts.  Maybe also mood before and after thinking about philosophical concepts,,control
noai,2026-02-03 08:42:04,2026-02-03 09:09:00,1616,2026-02-03 09:09:00,R_7Pw2Zcrps81IE00,696408926149867c68c04739,100,4,62,1,3,7,2,98.6,0.7,0.6,20.89,10.1,75,50,3,3,100,1,2,1,50,1,33,1,50,2,4,1,18,1,4,2,6,1,51,30,2,2,86,1,7,100,1,16,100,3,20,100,1,7,100,1,8,100,3,7,100,3,10,100,1,12,100,1,12,0,100,20,24,14,49,,How one before and after a study.,,control
noai,2026-02-03 08:59:13,2026-02-03 09:10:14,661,2026-02-03 09:10:15,R_3JPDMIfUm6OEv8f,694eebfe98888616c1a6bfd2,0,4,38,1,1,3,6,0,0.3,0.3,7.67,9.2,55,18,2,6,100,3,4,2,10,2,49,1,6,1,4,3,16,2,8,2,11,3,4,40,1,19,0,2,4,0,3,10,0,2,5,0,3,7,0,1,12,0,2,9,0,3,8,0,3,8,0,1,10,0,0,30,42,3,49,,Knowledge of philosophy.,,control
noai,2026-02-03 08:57:22,2026-02-03 09:10:30,787,2026-02-03 09:10:30,R_8IIak1RdIsAi03D,677290d05f90407e4cd2e99b,50,4,40,2,1,5,5,49.3,0.4,0.4,30.33,36.5,75,48,2,23,100,2,25,1,46,3,41,1,25,1,36,3,38,1,33,2,16,3,31,10,3,40,43,3,46,57,2,34,46,1,29,57,1,64,43,1,32,49,3,24,57,1,58,50,3,15,35,2,23,0,56,20,60,14,53,,"Not sure, memory and associated words/themes?",,control
noai,2026-02-03 08:45:49,2026-02-03 09:11:06,1517,2026-02-03 09:11:06,R_7Ea30wu4xrPouUl,695ffb067d7ad5092a6d7716,83,4,23,1,1,3,1,57.2,0.3,0.1,50.78,54.7,92,49,3,80,100,1,32,1,76,2,84,3,26,3,25,3,66,2,64,3,18,1,70,30,2,73,40,3,36,66,2,42,58,3,25,8,3,64,36,2,65,31,2,79,78,1,89,89,3,21,88,3,53,0,78,40,98,28,50,,To judge philosophy understanding,,control
noai,2026-02-03 08:50:43,2026-02-03 09:11:22,1239,2026-02-03 09:11:22,R_79M1mupdvR9UTy9,697a75a62232e02fbcdf2a29,15,4,65,2,1,7,1,2.4,0.4,0.3,0.56,5,41,60,4,0,100,3,0,1,0,3,2,1,0,3,0,3,5,1,0,2,0,3,0,0,1,4,12,3,20,0,1,3,0,3,0,8,3,2,0,2,0,0,2,10,4,1,2,0,3,0,0,3,9,0,0,0,45,0,51,,"I started out thinking I knew something about Philosophy only to discover that I didn't know the answers to any of your questions, so maybe you are studying how much people think they know about a subject vs how much they actually know?",No.,control
noai,2026-02-03 08:47:18,2026-02-03 09:11:29,1450,2026-02-03 09:11:29,R_8MDL6r5bMXwAwph,6978c457ed039d215eea38c4,90,4,30,2,2,5,2,89,1,0.1,58.89,52.7,99,68,3,65,100,3,90,1,100,1,91,1,86,1,84,1,44,1,6,1,0,1,55,40,2,46,92,2,23,91,2,78,92,3,95,90,3,31,78,3,47,87,3,68,92,1,90,90,2,20,86,3,29,0,92,10,7,20,50,,knowledge of philosophy,none,control
noai,2026-02-03 08:55:14,2026-02-03 09:11:34,979,2026-02-03 09:11:35,R_1XgeId1vwfHrIe5,696e359c55ffbd562998da80,75,4,45,1,2,5,2,88.4,0.9,0.6,76.33,67,93,93,3,62,100,3,83,1,77,3,73,1,90,1,85,1,86,1,74,1,77,1,53,80,2,30,88,2,38,75,1,100,66,1,69,75,3,35,99,1,88,100,1,99,96,3,29,85,1,92,100,1,90,0,100,60,59,54,47,,The general population understanding of Philosophy and honesty.,None at the moment.,control
noai,2026-02-03 08:55:24,2026-02-03 09:12:16,1011,2026-02-03 09:12:16,R_5fvFUNt4qaelCaa,69456d0b6f462223aa52768a,63,4,39,1,1,3,2,64.3,0.8,0.7,49.67,47.3,88,45,3,54,100,2,7,1,82,1,60,1,43,1,22,3,29,1,60,1,57,1,93,40,3,55,39,1,16,42,1,52,83,1,52,69,1,28,87,1,64,55,2,35,86,1,52,75,1,81,67,2,38,0,40,30,89,42,49,,I am not sure to be honest.,,control
noai,2026-02-03 09:06:49,2026-02-03 09:12:56,366,2026-02-03 09:12:56,R_2QA0oFItchl0C2l,62a2042e8813ab2f55d8ecf9,42,4,25,2,1,4,2,45,0.4,0.4,27.11,24.7,61,40,3,36,100,2,39,1,24,1,35,2,21,3,35,3,19,3,26,1,35,2,9,30,1,45,41,3,16,43,2,29,34,3,14,41,1,19,63,2,10,42,2,49,25,3,14,42,1,19,69,1,32,0,50,20,39,25,50,,philosphy level and hapiness levels,,control
noai,2026-02-03 08:59:14,2026-02-03 09:13:39,864,2026-02-03 09:13:39,R_6nd6qQ0gpF7wWVU,697f6f3c7bea523bddc2a130,36,4,64,1,1,3,7,49.9,0.5,0.2,39.89,43.9,75,66,3,56,100,3,36,1,31,1,71,1,31,2,38,3,71,3,34,2,34,2,28,40,3,64,66,1,32,23,2,52,49,3,30,34,2,35,68,2,48,53,2,67,48,1,19,40,3,54,49,3,38,59,69,40,78,45,48,,Physocialgy,,control
noai,2026-02-03 09:03:56,2026-02-03 09:13:50,593,2026-02-03 09:13:50,R_2oGTqDgKcwxLeML,5d3f7902e945e000191de6e4,19,4,32,1,1,2,1,26.5,0.1,0.5,7.78,10.2,35,61,4,0,100,2,0,2,0,3,25,3,35,3,0,2,0,1,0,2,35,3,0,10,3,10,34,1,16,18,1,0,8,3,0,17,3,14,19,1,0,9,1,24,40,3,0,20,3,38,61,1,0,41,39,10,20,15,49,,how much knowledge people had,,control
noai,2026-02-03 08:55:28,2026-02-03 09:13:51,1103,2026-02-03 09:13:51,R_2WUyd60I11yLn1Z,613b39689424ca81b2776572,75,4,44,2,1,3,2,50.4,0.5,0.7,48.78,39.9,76,44,4,17,100,3,74,1,36,3,51,3,23,1,38,3,47,1,69,2,53,1,82,60,2,36,56,1,66,54,1,17,56,1,32,29,1,14,57,2,29,40,1,88,67,1,60,58,1,27,47,2,30,0,40,40,87,24,51,,A little confused on how to answer this,,control
noai,2026-02-03 08:49:48,2026-02-03 09:14:12,1463,2026-02-03 09:14:12,R_8fNmeP4zB8Xoy1N,656896c5fc28619e730f3b8a,12,4,64,1,1,5,2,64.3,0.4,0.5,0.44,4.4,62,10,3,3,100,3,0,3,0,3,14,2,1,1,0,3,0,1,0,2,0,3,0,10,3,5,61,1,6,61,1,0,67,3,7,77,1,8,66,2,7,66,2,1,48,1,1,73,1,1,53,3,8,72,71,10,68,1,51,,"How our prior perceptions of our knowledge can be altered by a reality check. Also how that could make one feel after realising that, or how thinking about philisophical concepts can affect our happiness in the moment?",One of the slider choices slightly confused me towards the end.,control
noai,2026-02-03 09:07:06,2026-02-03 09:18:18,672,2026-02-03 09:18:19,R_2KuYmyde90wg37j,6659f937e570ab09f05021a3,21,4,32,2,1,4,2,41,0.5,0.3,2.89,9.3,13,49,3,6,100,3,0,1,1,1,4,2,0,3,3,3,16,1,0,2,0,3,0,10,1,20,35,1,30,46,2,2,23,1,5,15,3,34,44,3,0,37,3,0,64,2,0,27,3,0,70,2,2,0,49,10,12,4,50,,How I rate my understanding of a topic before and after being asked specific knowledge questions about it,,control
noai,2026-02-03 09:05:41,2026-02-03 09:19:18,817,2026-02-03 09:19:19,R_6BZH7DXud4pIzW9,6980f1e2ccbe755fb275c121,0,4,47,2,1,3,4,81.8,0.6,0.6,26.89,42,34,73,2,14,100,1,0,1,62,1,29,1,62,1,21,3,83,1,0,2,0,1,0,50,3,60,66,1,74,100,3,0,100,1,3,100,1,82,69,1,22,48,3,81,100,1,51,100,3,47,35,1,0,0,100,50,63,22,48,,A person's view of their own knowledge before and after they are quizzed on the topic.,No thanks,control
noai,2026-02-03 09:07:46,2026-02-03 09:19:39,713,2026-02-03 09:19:40,R_3reRTuU1MRrLYDn,66313a4d57660634e1b60cbb,6,4,35,2,1,4,4,6.9,0.7,0.3,6.67,9.4,65,14,3,13,100,3,8,1,5,1,10,1,4,1,8,3,8,1,5,2,6,2,3,10,1,9,8,2,8,7,1,12,7,2,10,8,3,7,8,1,14,3,2,10,7,3,9,6,3,9,7,2,6,0,8,10,67,0,52,,How much people think they know about philosophy.,,control
noai,2026-02-03 09:14:48,2026-02-03 09:19:55,306,2026-02-03 09:19:55,R_2gCqyfXoutlJPEF,67752148c0bfa5e29a57e4cf,0,4,32,1,1,3,4,16,0.5,0.4,17.56,13.8,66,34,3,21,100,1,22,2,14,2,13,1,25,1,5,2,23,1,12,1,20,3,16,20,1,12,10,1,14,20,1,21,25,3,19,16,2,12,7,2,8,15,1,10,13,2,24,23,2,10,19,3,8,0,12,20,72,35,51,,philosophy,na,control
noai,2026-02-03 09:12:06,2026-02-03 09:20:09,482,2026-02-03 09:20:09,R_8rOUZGcQhmDs2I0,69722ac00c49f0720d607948,21,4,31,2,1,5,5,53.6,0.6,0.7,10.56,10.4,75,47,3,26,100,2,0,1,17,3,5,1,0,1,49,3,0,1,3,1,0,3,0,10,1,8,62,1,12,41,3,9,49,1,10,57,1,22,51,3,7,60,2,7,50,1,13,59,1,12,65,1,4,0,42,10,74,13,49,,deductive reasoning>,,control
noai,2026-02-03 09:09:37,2026-02-03 09:21:08,691,2026-02-03 09:21:09,R_7hmwDSBuhWCnOmt,6962f0990040e5488a1a55c2,88,4,31,3,1,3,1,87.6,0.7,0.4,44.44,49.4,25,76,2,11,100,2,19,1,82,1,59,1,74,1,12,3,84,1,6,1,86,1,26,20,3,70,88,3,64,86,2,9,75,3,6,87,1,76,100,1,23,82,3,67,91,2,70,87,1,86,95,1,23,88,85,10,41,18,51,,The interest and willingness to learn about philosophy and its many facets.,,control
noai,2026-02-03 09:10:02,2026-02-03 09:25:55,953,2026-02-03 09:25:56,R_2hoa00zOsBdJPTs,67657e4f46e0129f2098fdd7,52,4,29,1,2,5,3,61.6,0.4,0.5,37.11,39,65,41,4,60,100,2,31,2,26,1,72,3,29,1,33,3,64,1,32,1,32,3,27,30,1,49,74,1,48,60,1,27,49,3,68,69,1,31,73,2,23,51,2,66,73,1,26,50,3,27,63,2,25,0,54,30,67,58,50,,Knowledge on Philosophy and consistency,,control
noai,2026-02-03 09:13:43,2026-02-03 09:26:40,776,2026-02-03 09:26:40,R_2iKC4mIBmh47zlc,6002644fb11a3827c99d0a71,31,4,30,2,1,4,1,52.9,0.4,0.7,5.89,33.9,63,50,4,12,100,2,0,1,0,1,16,1,9,3,0,3,21,1,0,2,11,2,0,10,3,61,39,1,58,69,1,75,60,1,0,61,3,21,48,1,17,37,1,28,63,1,53,44,1,11,52,2,15,66,56,20,57,21,51,,Maybe testing how confident people are before and after answering questions on a subject,nope,control
noai,2026-02-03 09:16:02,2026-02-03 09:26:58,656,2026-02-03 09:26:59,R_1390CyKwFhROp4F,696532a150135747deb57f0b,68,4,32,3,1,4,5,65.2,0.6,0.8,63.22,62.7,60,40,2,25,100,3,53,1,95,1,71,1,60,3,27,3,72,1,65,2,72,1,100,60,1,62,75,1,74,58,3,60,60,1,38,52,1,53,63,1,55,75,3,36,73,1,59,64,1,95,60,1,95,0,72,70,69,38,51,,I think you were testing a willingness to engage with topics (not necessarily just philosophy) at a deeper level. Or perhaps how one's own assessment of their expertise affects their accuracy when engaging philosophical concepts,"fun study, thank you!",control
noai,2026-02-03 09:17:10,2026-02-03 09:27:09,598,2026-02-03 09:27:10,R_81ttgVe0P1MytD8,6978c486511a8f887a7b0047,83,4,21,2,7,4,7,66.9,0.5,0.5,15.56,15,43,20,3,28,100,1,21,1,15,2,33,1,9,2,8,1,11,3,5,2,24,1,19,40,1,25,69,1,15,67,1,8,75,3,23,68,1,4,65,2,5,60,2,14,64,2,23,63,1,15,76,2,18,0,62,20,49,3,50,,Knowledge about philosophy and philosophy studies,,control
noai,2026-02-03 09:08:53,2026-02-03 09:29:19,1225,2026-02-03 09:29:20,R_2eklLKx8NLI3Ld7,697d1d7661bef0c2ecdd9933,84,4,29,2,2,4,1,79.6,0.5,0.3,25.78,53.8,47,1,3,21,100,2,36,2,10,1,31,2,16,1,31,3,56,1,32,3,30,1,0,10,1,62,90,2,70,67,2,65,100,3,14,49,1,85,62,2,28,59,1,72,84,3,17,100,2,37,85,3,88,0,100,30,34,4,50,,Knowledge of philosophy.,"Give a brief description of the topic before each question, explaining what is being asked, so participants have some background before answering the multiple-choice questions. ",control
noai,2026-02-03 09:20:24,2026-02-03 09:30:37,613,2026-02-03 09:30:39,R_82YnNXnug849dVx,6979deac7941d6c3673fe36b,5,4,33,2,1,5,5,21.2,0.7,0.6,0,0,58,11,3,0,100,1,0,1,0,1,51,3,0,1,0,1,0,1,0,1,0,3,0,10,3,0,38,1,0,18,1,0,21,3,0,20,1,0,17,3,0,19,2,0,14,1,0,19,1,0,31,1,0,0,15,10,58,4,51,,Whether the phrasing of questions changes a person's confidence in getting the right answer.,,control
noai,2026-02-03 09:18:42,2026-02-03 09:30:44,721,2026-02-03 09:30:44,R_2WiHI4Avcqwybhn,5c2bb9cc8c35040001a59dde,5,4,42,2,7,3,3,66.8,0.4,0.7,17.89,39.7,66,42,2,50,100,2,8,1,8,3,17,1,29,3,0,2,27,1,0,3,5,1,34,10,1,22,83,1,58,80,1,51,63,3,40,53,1,67,73,1,13,49,2,10,59,1,48,63,1,24,89,3,64,56,56,20,79,7,52,,not sure,,control
noai,2026-02-03 09:21:56,2026-02-03 09:33:06,670,2026-02-03 09:33:07,R_8sX50eoIQxCXkkf,6978ca0e47e0a4549d470ae7,18,4,31,2,1,3,3,45.1,0.6,0.5,10.11,7.3,85,47,2,9,100,2,4,1,12,1,5,1,2,1,53,3,4,1,0,3,4,1,3,10,3,6,52,2,8,51,1,5,49,3,5,53,3,13,12,1,9,44,3,8,53,1,5,45,1,5,48,1,9,46,44,10,16,1,48,,People's understanding of philosophical theories,,control
noai,2026-02-03 09:01:16,2026-02-03 09:35:34,2058,2026-02-03 09:35:35,R_2q2m27Qbzaw3y7G,67758a5ff599a6b3e978ad3b,68,4,22,2,1,4,6,1.8,0.6,0.5,16.67,32.3,64,22,3,10,100,3,18,1,53,1,28,2,6,3,28,3,22,1,0,1,5,3,8,30,1,52,3,1,21,0,2,62,3,1,38,2,3,33,5,3,8,0,3,35,2,1,26,0,3,24,0,1,24,0,3,40,58,18,49,,the ability to make informed judgements,,control
noai,2026-02-03 09:05:48,2026-02-03 09:41:02,2113,2026-02-03 09:41:02,R_2dXtspMMUJvevoN,6979192c2c78f1d151f6f3e7,49,4,29,2,2,4,3,91.4,1,0.9,90.67,84.6,91,46,3,83,100,3,95,1,92,1,94,1,96,1,92,1,89,1,95,1,84,1,90,90,1,89,89,1,84,93,1,90,88,1,89,90,3,53,89,1,92,93,1,78,89,1,90,94,1,91,89,1,90,0,100,80,96,72,49,,"social psychology, decision making and behavioral measures.",,control
noai,2026-02-03 09:22:59,2026-02-03 09:53:08,1808,2026-02-03 09:53:08,R_8CM3HPOUVyb8s6Z,6979e4baf7dda279db034228,80,4,28,2,2,5,1,72.1,0.8,0.7,71,74.3,59,52,2,44,70,3,78,1,59,1,77,1,77,1,78,1,67,2,78,1,81,1,77,60,2,45,50,1,84,86,3,82,70,1,86,48,1,80,87,1,77,69,1,77,85,1,90,88,1,77,76,2,45,52,62,70,79,48,53,,Knowledge about Philosophy,None,control
noai,2026-02-03 09:47:44,2026-02-03 09:53:45,361,2026-02-03 09:53:45,R_8d0Tylg2QxrMUQD,6658bc8cdb58287ded9f8ac2,51,4,30,2,7,4,3,69.5,0.5,0.4,7.67,0.2,66,35,3,13,100,2,0,1,36,1,0,2,0,3,0,3,9,1,0,2,0,1,11,10,3,2,71,3,0,72,1,0,67,1,0,70,2,0,64,2,0,70,1,0,71,1,0,68,3,0,67,3,0,0,75,0,70,5,51,,Understanding of philiosophical concepts,,control
noai,2026-02-03 09:46:29,2026-02-03 09:53:48,438,2026-02-03 09:53:49,R_7YeBcN2gGXGQ29X,67781725e6aed7d8f5c370e5,22,4,34,2,1,4,7,26.4,0.4,0.2,35.89,21,100,69,2,40,100,1,12,1,71,2,43,1,50,1,4,3,48,3,5,2,46,1,47,20,3,21,18,3,30,38,2,18,26,2,9,12,3,20,22,1,28,25,3,23,20,1,4,34,3,25,46,2,32,0,23,20,95,3,46,,no clue,none,control
noai,2026-02-03 09:47:28,2026-02-03 09:58:06,638,2026-02-03 09:58:07,R_5PS2wwIp7TLpekM,6946df52c8f481594f455bdf,63,4,24,1,3,3,3,49.7,0.7,0.4,70.67,51,83,64,2,52,100,3,100,2,78,1,69,1,64,1,68,1,62,3,55,1,57,1,100,60,1,47,44,1,43,37,3,44,45,3,63,60,1,52,50,3,51,60,2,53,55,2,55,53,3,46,36,1,56,63,57,60,79,62,50,,My understanding of philosophy,n/a,control
noai,2026-02-03 10:08:00,2026-02-03 10:14:48,408,2026-02-03 10:14:49,R_2ErHB9ZQELg3kEj,6762ac843af6b79366b90960,0,4,22,2,1,5,3,22.1,0.7,0.5,18.56,18.4,20,49,3,28,100,2,0,1,32,1,54,1,33,1,0,3,47,1,0,1,27,2,0,40,1,48,97,1,29,15,3,15,0,3,16,61,1,0,0,1,0,0,1,37,0,3,18,0,3,0,34,3,21,0,14,20,26,29,52,,whether the questions used influenced your perceived ability to correctly answer questions,,control
noai,2026-02-03 10:10:53,2026-02-03 10:16:33,339,2026-02-03 10:16:33,R_8UI0Tr4JM1QyKWZ,6978c580d801e64f18d9e3ab,37,4,34,2,1,3,3,87.3,0.3,0.3,19.56,11.6,71,14,4,29,100,1,23,3,15,1,22,3,15,3,18,3,20,1,11,3,22,1,23,10,1,8,85,3,13,86,1,12,90,3,14,88,3,11,88,1,11,90,2,8,84,2,11,85,2,16,88,3,12,0,89,10,64,0,49,,They I really didn't have a clue about Philosophy,nope,control
noai,2026-02-03 10:20:02,2026-02-03 10:29:03,540,2026-02-03 10:29:03,R_3FgM5FfKzNfRfih,695d4137246abe016bd37aab,100,4,36,1,1,4,1,54.2,0.7,0.9,45,61.1,70,60,4,36,100,3,64,1,72,1,56,1,22,3,56,1,34,1,36,1,60,3,25,40,1,68,73,1,84,30,3,18,82,1,61,85,1,71,22,1,39,78,1,65,69,1,65,71,1,67,19,1,73,0,13,60,71,42,50,,"Self-evalulation, but also possibly recall and the ability to infer answers when given related questions prior",No,control
noai,2026-02-03 10:27:14,2026-02-03 10:34:03,408,2026-02-03 10:34:04,R_2aXOi6L75t1xFHD,697907380288cec209ffb814,43,4,20,2,1,3,5,28.8,0.6,0.3,3.33,0,69,40,3,25,100,2,0,1,0,1,0,3,5,1,0,3,0,1,0,2,0,1,0,10,2,0,21,3,0,24,3,0,26,3,0,43,1,0,21,1,0,33,2,0,29,3,0,25,2,0,37,1,0,0,29,0,75,8,51,,knowledge,,control
noai,2026-02-03 10:28:44,2026-02-03 10:34:43,359,2026-02-03 10:34:44,R_8OUEAl1o9iIWQvz,6658df4ff45df15a18d4b115,0,4,23,2,1,5,3,47,0.5,0.6,15.44,27.6,74,14,4,4,100,2,2,1,90,3,10,1,0,1,0,3,9,3,0,1,34,1,0,30,3,0,32,1,54,66,3,2,41,1,4,23,1,63,78,3,10,35,2,21,46,1,2,57,1,85,34,1,35,0,58,40,68,6,50,,How answering a load of questions that you have no idea about affects your happiness?,,control
ai,2026-05-14T07:17:15Z,2026-05-14T07:31:05Z,829,2026-05-14T07:31:06Z,R_2CEDOaTFxxtTW8f,6a019ce26ac16b4a941134f5,0,4,20,2,7,3,1,10.1,0.3,0.3,23.1,23.1,83,39,4,58,100,1,14,2,16,1,48,2,24,1,17,3,6,1,14,2,20,3,14,21,2,53,12,3,14,16,1,12,11,2,67,10,3,14,6,1,15,10,3,15,8,3,12,12,1,13,8,2,16,0,8,11,71,31,53,"It made me annoyed, overly empathetic, used a lot of filler words to long sentences instead of straight correction.",i think confidence levels and how ai impacts them in,no,sycophantic
ai,2026-05-14T07:16:46Z,2026-05-14T07:33:56Z,1029,2026-05-14T07:33:57Z,R_2rdJv8Ko2ZFIc6R,69f39c02faa92a381fcab86b,75,4,34,2,1,4,3,66.5,0.5,0.6,17.9,48,85,64,4,21,100,3,25,3,4,1,2,3,23,1,9,3,27,1,9,2,24,1,35,21,1,77,83,3,31,68,1,80,77,3,38,74,1,15,64,2,18,86,2,68,68,1,86,76,1,37,69,1,30,0,0,11,77,26,51,No,AI's influence of learnings within Philosophy.,NA,sycophantic
ai,2026-05-14T06:45:59Z,2026-05-14T06:58:05Z,725,2026-05-14T06:58:05Z,R_2LkhNnCm4YPmFDC,6a022f364e57a322c6571b82,57,4,31,1,1,4,5,72.6,0.5,0.4,28.7,29.5,79,58,2,32,100,2,27,1,24,1,53,1,23,1,26,3,28,1,21,2,25,2,28,50,3,31,66,3,31,73,1,18,71,1,47,75,3,27,76,2,34,76,3,31,70,1,20,73,2,27,74,1,29,0,72,20,74,41,50,"No, amusing though - I felt like Andrew Neiman","Willingness to learn, and/or perceived happiness, as it relates to feedback styles",NA,non_sycophantic
ai,2026-05-14T06:45:44Z,2026-05-14T07:03:12Z,1047,2026-05-14T07:03:13Z,R_8hSvu1AXqixLRPb,66fc68db74a4c7b3e285f44a,51,4,51,1,1,4,7,36.4,0.6,0.4,52.9,60.1,62,35,4,31,100,3,59,1,63,1,54,2,44,1,55,3,64,1,50,2,52,1,57,60,1,60,28,3,63,46,2,59,36,3,63,43,3,55,28,2,56,38,1,58,35,1,63,42,1,66,38,3,58,0,30,50,59,34,53,It was clear that the AI was prompted to provide an emotionally evocative response regardless of the accuracy of the answer,Whether our reaction to feedback would influence our input elsewhere,none that springs to mind at this time,non_sycophantic
ai,2026-05-14T06:43:01Z,2026-05-14T07:07:16Z,1454,2026-05-14T07:07:17Z,R_2XIYJqWOZF6wbIZ,69f62b56d44890c80bc6156d,40,4,19,1,1,2,2,76.7,0.6,0.6,53.2,87.8,79,43,4,45,100,3,49,1,68,3,72,1,43,1,35,3,55,1,63,1,49,2,53,60,1,95,94,3,86,81,1,81,67,1,93,57,1,100,85,1,91,88,2,77,68,1,96,74,3,77,68,2,82,0,85,70,83,43,50,The AI assistant provided some useful insight on Philosophy terms I had never heard before.,The participants' knowledge of Philosophy terms.,NA,sycophantic
ai,2026-05-14T06:42:38Z,2026-05-14T06:54:24Z,706,2026-05-14T06:54:25Z,R_31hHXEO9NUf3HQS,69f3ab930bfcc8bc1f487b53,0,4,28,2,1,4,2,1.1,0.6,0.6,14.3,37.3,49,25,3,14,100,1,11,1,13,1,23,1,12,3,14,3,13,1,13,2,12,1,18,51,1,50,0,3,51,0,1,51,0,1,50,11,1,22,0,1,50,0,3,22,0,1,51,0,3,13,0,2,13,0,0,51,50,16,50,"I felt like it was polite, as in I did not feel like I would feel bad if I got a question wrong.","Perceptions of AI feedback in studying for philosophy, and also growth of philosophy knowledge thru answering questions.",NA,sycophantic
ai,2026-05-14T06:40:37Z,2026-05-14T06:53:36Z,778,2026-05-14T06:53:36Z,R_8yxcPiOyj2QPMUp,69fcdcc506a4624ea2baf4ed,60,4,28,2,1,5,7,57.8,0.5,0.6,16.8,24.8,69,35,3,12,100,2,0,1,70,1,86,1,0,3,0,3,0,3,0,2,0,1,0,11,1,0,79,3,11,34,1,78,89,1,82,68,1,77,77,1,0,18,3,0,21,3,0,67,1,0,76,2,0,49,49,1,78,19,50,Helped me to think about concepts and to encourage me to want to learn more,"The feedback style and whether it helps to remember information, although the second part of the questions were phrased in a more complex way which made it hard to know which answer it was",NA,sycophantic
ai,2026-05-14T06:37:11Z,2026-05-14T07:31:38Z,3267,2026-05-14T07:31:39Z,R_2p0bz7DHACP3L42,69fc7940ae6d7214bcf925fe,87,4,23,2,7,3,1,65.7,0.9,0.7,62.1,58.4,54,48,3,41,100,3,100,1,7,2,26,1,100,1,67,1,100,1,32,1,48,1,100,100,3,50,52,1,100,72,1,26,48,1,90,87,1,100,100,3,34,66,3,37,47,1,22,53,1,39,43,1,86,91,89,70,52,85,50,clear provided infomation,how you can use AI to teach,n/a,sycophantic
ai,2026-05-14T06:36:56Z,2026-05-14T07:02:10Z,1513,2026-05-14T07:02:11Z,R_2Q450ZUBpAvz6EO,69e74378ac5ef3b1f3c148f0,79,4,27,1,1,4,3,73.4,0.3,0.5,50.5,50.3,69,55,3,37,100,1,99,2,16,1,66,3,88,2,84,3,80,1,17,2,18,3,0,20,1,72,64,3,22,19,1,23,81,3,76,95,1,77,80,3,20,79,2,50,74,1,80,94,2,7,79,1,76,67,69,10,81,32,52,"It was funny but made me more unsire of myself even though i got the first few questions right, needlessly antagonistic but that was enaging",confidence when confronted by antagonistic behaviour,"the slider was somewhat awkward to use, the small line was hard to place without any numbered indication",non_sycophantic
ai,2026-05-14T06:35:34Z,2026-05-14T06:49:37Z,843,2026-05-14T06:49:39Z,R_8hJPez0EsNTd6nd,6a00ee807c3af4de7f94c333,21,4,20,2,1,4,1,31,0.5,0.6,21.2,20.6,39,47,4,36,100,3,2,1,4,3,35,1,0,2,30,3,15,3,2,1,60,1,28,50,3,13,21,1,11,13,3,46,71,1,40,75,1,17,21,1,23,4,1,15,25,2,0,13,1,34,49,2,7,0,18,20,34,23,47,Not really,How AI feedback can effect human wellbeing/mindset and understanding of concepts,N/A,non_sycophantic
ai,2026-05-14T06:33:40Z,2026-05-14T07:04:24Z,1843,2026-05-14T07:04:25Z,R_85u1qTXSB2Uza3r,6a0325f3c6e7ac0e7a0890ed,59,4,46,1,1,3,3,89.8,0.4,0.4,5.2,3.6,85,48,3,18,100,2,0,2,0,3,0,1,0,3,10,3,15,1,0,2,9,1,0,30,3,2,100,3,21,92,1,11,100,2,0,100,1,0,88,1,2,94,3,0,72,2,0,84,1,0,86,3,0,0,82,20,83,16,50,It made me feel a bit less sure than I was,If negativity helps you to remember things better,N/A,non_sycophantic
ai,2026-05-14T06:32:57Z,2026-05-14T06:47:39Z,881,2026-05-14T06:47:40Z,R_2oBcCnyR7N4zjSN,6a05be248a339eca2b4bae15,65,4,20,2,1,3,3,39.1,0.6,0.8,36.8,52.6,51,21,3,64,100,3,8,1,91,1,55,1,52,3,2,3,23,2,0,1,69,2,4,60,3,82,51,1,48,35,1,87,63,1,25,40,1,62,20,1,61,38,3,36,19,1,32,10,1,72,66,1,21,42,49,41,45,25,49,It was a good confidence builder as it was very positive and directed towards learning instead of punishing you for being wrong.,I think you were testing whether the way in which AI feedback is delivered affects one's desire to learn and improve.,N/A,sycophantic
ai,2026-05-14T06:32:52Z,2026-05-14T06:45:04Z,732,2026-05-14T06:45:05Z,R_2MWHEWlXMVlPQV2,6a0104d13ae1c08b82367ea9,78,4,38,1,1,4,4,84.2,0.6,0.4,56.1,58.2,51,68,3,79,100,1,62,1,91,1,49,3,49,1,17,3,84,1,64,2,21,1,45,60,3,92,98,1,81,100,2,34,74,1,75,94,2,50,62,3,22,78,3,44,78,1,77,97,3,29,78,1,78,0,83,31,50,31,49,The way in gently corrected me without saying I was outright wrong made me want to discover more.,My understanding of philosphical concepts?,"This was a genuinely interesting survey, I actually learnt quite a lot.",sycophantic
ai,2026-05-14T06:31:42Z,2026-05-14T06:44:20Z,757,2026-05-14T06:44:21Z,R_8k1XvcvCK9gR3N5,69f48db3fec156c626488c64,0,4,20,2,7,3,6,6.3,0.3,0.2,0.2,5.5,100,29,3,0,100,1,2,2,0,2,0,1,0,3,0,3,0,3,0,1,0,2,0,10,1,9,2,1,7,16,2,11,9,3,8,0,3,4,15,3,9,5,3,0,4,2,0,2,2,7,0,2,0,0,10,20,26,13,51,Made me feel not very intelligent,How people learn with harsh negative feedback,NA,non_sycophantic
ai,2026-05-14T06:31:38Z,2026-05-14T06:53:15Z,1296,2026-05-14T06:53:16Z,R_8SetbXn3QV9cd7r,6a0452f29c92ccb56817f811,15,4,39,2,1,5,4,39.4,0.6,0.6,18.5,19.6,72,19,2,20,100,1,5,1,95,1,14,1,3,1,22,3,3,1,9,2,8,1,6,20,1,84,78,1,26,71,2,9,73,1,9,12,3,11,54,3,7,55,1,11,13,1,15,21,1,10,10,2,14,0,7,20,59,19,50,Affected my mood I think,The effect of the feedback on my responses,Not that I can think of!,non_sycophantic
ai,2026-05-14T06:31:33Z,2026-05-14T06:44:23Z,770,2026-05-14T06:44:24Z,R_8f8yCBhuCw8oSMx,6a01d6f267feb58905a93b39,59,4,18,2,1,3,3,41.9,0.5,0.6,6.6,36.5,31,30,4,15,100,3,0,1,24,1,14,3,0,1,0,3,13,1,0,2,0,2,0,30,3,21,56,3,40,77,2,34,18,1,62,33,1,20,55,1,14,31,1,54,69,1,41,27,1,72,22,2,7,0,31,40,10,16,49,It made me feel embarrassed for getting answers wrong and less interested in continuing the questions.,Whether the phrasing of AI responses impacts interest and motivation to look into topics,No,non_sycophantic
ai,2026-05-14T06:30:45Z,2026-05-14T06:51:06Z,1221,2026-05-14T06:51:07Z,R_82QpW33WnVuMaDS,69ee77ab82c1b5cd23280afb,64,4,40,2,1,4,3,46.8,0.7,0.5,63.6,67.4,85,66,3,63,100,3,76,1,73,2,67,1,44,1,85,2,57,1,47,2,41,1,83,60,3,74,28,1,80,66,2,21,21,1,92,78,3,62,4,1,76,52,1,89,66,2,50,43,1,86,46,3,44,65,64,60,92,45,52,just little,knowledge  overall,not today,sycophantic
ai,2026-05-14T06:30:02Z,2026-05-14T06:50:22Z,1220,2026-05-14T06:50:24Z,R_8Id5vPdhKHj3reM,6978cf4f9768c34a8fddcab0,52,4,19,2,1,3,7,10.1,0.2,0.2,2.7,21.8,65,0,3,13,100,1,0,3,0,2,3,2,0,3,0,3,11,1,0,2,0,2,0,20,3,63,23,3,71,16,1,8,7,2,20,2,3,25,18,1,11,0,2,9,2,2,0,16,3,4,17,3,7,0,0,40,44,7,51,it was mean and made me pay less attention to the corrections it was given and more attention to its sttitude,responses and reactions to the ai feedback to see if it affects how we learn,NA,non_sycophantic
ai,2026-05-14T06:29:47Z,2026-05-14T06:52:29Z,1361,2026-05-14T06:52:30Z,R_8FiCtZPbhq2e7Kx,6a01d7b6f6406c0ba8beba49,100,4,56,2,7,5,1,74.6,0.7,0.5,1.9,9.6,53,36,3,10,100,1,0,1,0,3,0,1,0,1,0,2,0,1,9,1,0,1,0,70,2,0,100,1,0,21,3,0,100,3,0,63,1,0,98,1,9,59,1,0,100,1,87,100,2,0,14,2,0,0,91,10,40,5,50,"Very negatively! The tone was patronising and condescending. For example, even though I'm not an expert on philosophy and have only read a tiny bit on it, plus studied Kant decades ago; I was actually quite proud of myself for getting many of the questions on the first part correct. But the tone from the AI and the use of ""sloppy"" and ""wrong again"" was a bit discouraging.",Perhaps AI's tone when it comes to responses.,NA,non_sycophantic
ai,2026-05-14T06:29:47Z,2026-05-14T06:45:13Z,925,2026-05-14T06:45:13Z,R_2zbzwCm3rlgY39o,6a00b44b83ccc6aa36b97720,0,4,29,1,1,4,3,6.5,0.6,0.6,13.4,43.3,35,34,3,0,100,3,0,1,0,1,0,3,0,3,0,3,51,1,0,2,51,1,32,40,1,70,14,3,59,0,1,60,0,3,21,0,1,46,0,1,15,0,2,46,0,1,8,51,1,86,0,2,22,0,0,40,40,0,48,The AI assistant was demotivating towards learning more.,Whether AI is an effective communicator of knowledge over raw facts.,NA,non_sycophantic
ai,2026-05-14T06:29:39Z,2026-05-14T06:45:08Z,929,2026-05-14T06:45:09Z,R_2jclwN6dnqiEKla,69f612c3e4c93c728fa8b5e7,0,4,27,1,1,4,3,8.1,0.4,0.5,0,69.5,65,43,3,0,100,2,0,1,0,1,0,2,0,2,0,3,0,3,0,2,0,1,0,40,3,100,81,1,59,0,1,100,0,3,100,0,3,16,0,1,100,0,2,20,0,1,100,0,1,0,0,3,100,0,0,60,91,32,50,"No, it didn't. I was mainly learning from it. I had no idea about the topics it was talking about.",How an aggressive AI influences people.,"No, thank you.",non_sycophantic
ai,2026-05-14T06:29:13Z,2026-05-14T06:39:44Z,631,2026-05-14T06:39:45Z,R_8SphHC2tqXechyM,6a03482f74c26e5875a5205b,100,4,35,2,1,5,5,94.8,0.7,0.6,34.1,23.1,98,45,3,25,100,3,87,1,99,1,32,1,5,3,0,3,32,1,0,1,58,2,3,60,1,55,92,3,8,95,3,6,98,1,19,99,1,53,95,2,0,96,2,3,96,1,7,94,1,72,97,1,8,0,86,30,93,41,51,Made me annoyed and want to get this over with.,reactions to feedback,NA,non_sycophantic
ai,2026-05-14T06:28:35Z,2026-05-14T06:50:36Z,1320,2026-05-14T06:50:36Z,R_8aCmcnIsnh5AQsF,6a00da30a4471aceb8a8fdd0,79,4,29,1,3,3,2,31.1,1,0.5,82.6,47.9,60,78,3,78,100,3,89,1,100,1,86,1,94,1,47,1,73,1,97,1,66,1,96,100,3,56,49,1,64,23,1,68,13,1,82,5,2,19,14,1,59,36,2,17,21,3,24,27,2,11,95,1,79,27,28,70,0,49,50,it hasnt.,knowledge on philosophy,NA,sycophantic
ai,2026-05-14T06:28:00Z,2026-05-14T07:00:48Z,1968,2026-05-14T07:00:49Z,R_2kUieGHtut4tLWh,69fc4a6096219a17ff81253f,61,4,28,1,1,7,2,79.4,0.4,0.6,62.1,62,62,68,4,40,100,1,67,2,63,1,45,1,69,2,57,3,77,1,62,2,53,1,88,40,1,56,83,1,64,89,2,37,88,3,85,79,1,88,80,1,64,72,3,28,85,1,64,65,1,80,73,3,54,0,80,60,59,47,50,"It made me laugh, but also correctly made me address my percieved understanding",The suitability of a brusqe chat bot,"A number on the slider, rather than blank, would be more useful",non_sycophantic
ai,2026-05-14T06:27:46Z,2026-05-14T06:47:27Z,1180,2026-05-14T06:47:27Z,R_6EmaLy2Ywy4qYKx,69f1000afaef4b5116a9e3ac,58,4,38,2,1,3,3,48.4,0.5,0.6,0,5.6,74,49,2,0,100,1,0,1,0,1,0,1,0,3,0,3,0,1,0,2,0,1,0,20,1,25,50,3,0,48,1,31,49,3,0,49,1,0,50,1,0,47,3,0,48,1,0,48,1,0,48,2,0,48,47,20,67,25,49,I wouldn't say it influenced me at all.,How negative feedback may help or not help,NA,non_sycophantic
ai,2026-05-14T06:27:13Z,2026-05-14T06:43:57Z,1003,2026-05-14T06:43:58Z,R_2U6qjoqw7AP4XXb,69f1c4fb4e97553e2d090e4f,0,4,30,1,1,4,4,24.3,0.5,0.4,28.1,40,96,23,4,35,100,2,37,1,56,3,54,2,25,1,0,3,34,1,3,1,10,1,27,31,3,62,55,1,76,31,3,50,23,2,34,8,1,29,5,1,19,0,3,57,31,1,15,12,3,33,51,2,25,0,27,31,92,36,52,"No influence, just correcting or confirming answers with background","Philosophical knowledge, of which I have little.",N/a,sycophantic
ai,2026-05-14T06:26:33Z,2026-05-14T06:45:25Z,1131,2026-05-14T06:45:26Z,R_2J8odC6loavfQJz,69f3b68053fe890f8a646b79,14,4,50,2,1,5,3,63,0.5,0.4,46.5,59.2,49,48,3,26,100,1,36,1,53,1,39,3,53,3,38,3,55,1,52,2,58,1,55,51,1,67,70,3,56,60,1,61,64,3,67,65,3,63,59,1,75,72,3,47,62,1,86,73,2,13,39,2,57,0,66,60,55,41,46,"Yes, it helped me break things down",How the AI helps,NA,sycophantic
ai,2026-05-14T06:26:26Z,2026-05-14T06:44:28Z,1082,2026-05-14T06:44:30Z,R_2EAguJEV5XCDhd8,6a0027b95c62b64d1cb7f340,68,4,43,2,1,3,2,50.6,0.6,0.5,17,49.2,82,61,3,21,100,2,9,1,15,2,9,1,3,1,10,3,83,1,0,1,16,3,4,50,1,95,66,3,36,66,1,65,57,3,55,59,3,55,45,1,29,28,1,30,45,1,84,54,3,18,35,2,25,0,51,70,86,62,48,no,how you can learn with ai,NA,non_sycophantic
ai,2026-05-14T06:25:58Z,2026-05-14T06:46:58Z,1260,2026-05-14T06:46:59Z,R_27COZE5Ao7u1E9Q,665a26c7fac2ece0ec2bcfd8,18,4,28,1,1,4,1,62.5,0.7,0.8,39.1,54.9,40,21,3,28,100,2,2,1,82,1,65,1,29,1,22,3,27,1,17,2,19,1,100,60,3,59,44,1,51,29,1,84,87,1,69,81,1,61,35,1,34,65,3,26,63,1,80,84,1,30,65,1,55,0,72,70,57,31,50,"The AI's feedback was very polite and fair, but this also reduced its effect on me being able to remember what it told me. However, I still remembered a few specific words and concepts that it provided.",I think the study was trying to test the effect of the AI's tone on the user's ability to remember information.,NA,sycophantic
ai,2026-05-14T06:25:54Z,2026-05-14T06:46:43Z,1248,2026-05-14T06:46:44Z,R_2fwLICgGRCFzPJC,69eddd8913c2470a6e65ef49,9,4,41,1,1,4,3,29,0.5,0.5,27.6,36.4,79,59,3,5,100,1,2,2,0,1,49,1,0,3,72,3,56,1,50,2,42,1,0,50,3,64,62,1,66,67,2,28,34,3,35,27,1,73,75,1,14,0,2,28,15,1,15,10,1,17,0,2,24,0,0,20,41,21,48,Made me feel less confident and less interested in the subject,Peoples response to negative feedback and the effect on confidence and appetite to learn.,no,non_sycophantic
ai,2026-05-14T06:25:37Z,2026-05-14T06:37:00Z,682,2026-05-14T06:37:01Z,R_837E9hNgljn1gvx,69fe01d03e4ecb320b65180f,55,4,32,1,1,3,3,37.5,0.4,0.4,39.6,25.6,84,65,2,50,100,1,16,1,79,1,49,1,12,3,24,3,79,2,14,2,51,1,22,20,2,13,7,1,15,33,3,22,49,3,46,33,3,25,53,3,24,24,2,19,31,1,32,50,1,46,44,1,14,0,51,10,88,32,51,It made me want to get the next answer correct,how you react to AI telling you something in a non-friendly way,I hate that AI chat bot!,non_sycophantic
ai,2026-05-14T06:25:30Z,2026-05-14T06:57:42Z,1932,2026-05-14T06:57:44Z,R_8Hn3xHouiRhABUT,69ee6b1a7bf3b2b68873cb89,100,4,38,1,2,4,3,84.6,0.6,0.5,90.1,88.9,74,92,4,73,100,3,100,1,100,3,100,1,91,1,86,3,73,3,79,1,99,1,100,90,3,94,88,3,88,81,3,87,79,3,92,81,1,88,89,1,87,88,1,87,91,1,84,86,1,99,81,2,83,74,82,80,78,75,50,positive,philosophy knowledge,please i noticed i did not answer an attention checker correctly; i was asked to drag the slider to 'not at all'. please pardon the error.,non_sycophantic
ai,2026-05-14T06:25:27Z,2026-05-14T06:44:03Z,1116,2026-05-14T06:44:04Z,R_8FVdf2tiPWznrPa,69fcca99fb3b2078f686094c,62,4,19,1,1,3,3,55.9,0.7,0.5,41.4,46.7,51,58,3,65,100,2,47,1,49,1,40,1,54,1,10,3,56,1,44,2,18,1,31,70,3,47,93,1,22,29,1,87,79,3,55,47,1,48,58,1,49,65,2,58,80,1,49,56,3,19,24,3,33,41,28,40,61,59,51,It made me laugh but also made me slighlty annoyed as It downplayed my wins and then pointed out my losses.,Testing how the AI changed my philosophical knowledge.,study ran smoothly and was most parts engaging (:,non_sycophantic
ai,2026-05-14T06:25:27Z,2026-05-14T06:39:42Z,854,2026-05-14T06:39:43Z,R_2B4ixWjwIShtFIc,6a01e3df7150e16a2bb3208d,4,4,23,2,1,3,4,49.7,0.3,0.6,3.8,39.7,83,64,2,7,100,1,4,2,0,1,18,1,3,2,0,3,0,1,0,2,0,3,6,30,1,71,95,2,63,23,1,83,22,3,53,72,1,3,79,1,12,5,1,21,20,1,85,52,3,2,55,2,4,0,74,60,34,17,50,"it made me feel bad about getting the questions right OR wrong, there was no winning with it, i didnt wanna talk to it anymore",positive vs negative reinforcement,n/a,non_sycophantic
ai,2026-05-14T06:25:26Z,2026-05-14T06:37:07Z,700,2026-05-14T06:37:09Z,R_8M0QFXt90epOar3,6a032e7f10303a5ab57cb700,0,4,27,2,1,5,3,58,0.4,0.4,23.7,48.8,89,67,2,23,100,1,0,1,25,3,54,3,28,3,0,3,0,1,22,1,85,1,0,20,3,37,40,3,22,64,1,57,33,3,41,67,1,59,67,3,57,67,2,33,72,1,77,64,1,80,68,3,25,0,38,50,80,33,51,It made me realise that I should not treat people like they're stupid.,The impact that the AI voice has on happiness and how it affects my confidence.,N/A,non_sycophantic
ai,2026-05-14T06:25:12Z,2026-05-14T06:46:36Z,1284,2026-05-14T06:46:37Z,R_8OfuC2KNunm9L6u,69c3a50c1d83e8b437901c5a,61,4,20,2,1,3,3,43,0.5,0.3,0.4,1.3,1,15,3,0,100,3,0,2,0,1,3,1,0,2,0,3,1,1,0,3,0,2,0,70,3,4,90,1,3,7,2,2,68,1,0,52,2,2,3,2,0,6,2,2,64,3,0,89,1,0,8,3,0,0,43,11,0,14,51,It hasn't,How confident we are in our answers based on whether we get feedback or not,NA,sycophantic
ai,2026-05-14T06:24:45Z,2026-05-14T06:45:53Z,1268,2026-05-14T06:45:54Z,R_8jdj50uNXdhc5bl,69fcb98e5c99f38f108f2759,85,4,43,2,1,3,2,90,0.5,0.5,23.4,15.6,100,44,4,33,100,1,21,1,14,1,45,1,18,3,21,3,9,1,30,1,18,2,25,41,3,35,99,3,10,87,1,6,97,3,18,95,2,18,68,1,11,97,1,21,88,1,9,88,1,17,93,2,11,0,88,21,100,48,50,It has influenced me to learn more about philosophy.,AI helping to answer questions and give feedback about philosophy.,No.,sycophantic
ai,2026-05-14T06:23:33Z,2026-05-14T06:49:42Z,1569,2026-05-14T06:49:43Z,R_8L6Ww2QiABHUyUT,69fceca6190b6cb7855c3a8d,1,4,34,1,1,3,2,18.9,0.4,0.4,4.6,7,57,31,3,24,100,3,2,2,0,1,0,1,14,3,3,3,0,3,0,2,3,2,0,41,1,1,15,1,12,19,3,0,0,3,3,9,3,34,7,1,9,9,3,2,21,1,7,35,2,2,44,3,0,14,30,21,60,7,52,Helped me learn a little about philosophy,Memory and how AI can help you interpret things,NA,sycophantic
ai,2026-05-14T06:22:54Z,2026-05-14T06:36:26Z,811,2026-05-14T06:36:27Z,R_1C1j5ZJDaE7277u,69a19cc1a6881fa94920ed37,87,4,22,2,1,5,1,68.2,0.7,0.8,41.5,59.8,71,60,4,0,100,3,77,1,100,1,100,1,26,1,0,3,70,1,12,1,30,2,0,51,1,34,78,1,80,50,1,88,36,3,29,72,1,92,91,2,0,56,1,86,89,1,100,61,1,78,66,1,11,0,83,70,61,39,50,"Mostly it ticked me off because it was so sycophantic--it felt like I was a king with a flattering courtier who just wants me to feel great about myself when a simple ""That's wrong, here's the right answer"" would suffice.",How people best learn from AI feedback,NA,sycophantic
ai,2026-05-14T06:22:15Z,2026-05-14T06:34:34Z,739,2026-05-14T06:34:35Z,R_8GBsAb3K4V2tXsB,69f2192200f2dc95c28ea312,29,4,52,2,1,4,5,32.9,0.3,0.2,3,23.8,66,38,4,20,100,2,10,1,0,1,0,1,0,3,0,3,0,3,0,2,0,3,0,11,3,0,30,3,2,59,1,46,57,2,2,15,1,53,38,2,37,31,3,35,27,3,53,25,3,10,30,3,0,0,17,21,68,25,53,made me aware of philosophy,whether the feedback AI gave you was retained for the second set of questions,no all good,sycophantic
ai,2026-05-14T06:21:57Z,2026-05-14T06:42:44Z,1247,2026-05-14T06:42:45Z,R_26bqD21mohypbtD,6a00591824633f6ccf73cefe,12,4,51,1,1,7,3,51,0.4,0.4,5,6.9,54,39,3,13,100,2,1,2,1,3,8,2,7,1,11,3,3,3,2,1,3,1,1,11,1,3,76,1,5,49,3,1,30,2,2,47,1,2,40,2,3,52,2,21,68,1,3,87,3,28,48,2,1,7,13,11,68,22,51,i found he feed back positive and encouraging.,ai influence,"the ai feedback was a vey positive experience, not just factual.",sycophantic
ai,2026-05-14T06:21:21Z,2026-05-14T06:36:25Z,904,2026-05-14T06:36:26Z,R_2bXg9YGDtnQNDTb,69f093ecfdd31b31e335cc30,0,4,44,2,1,4,4,2.3,0.4,0.4,1.7,10.6,64,10,4,0,100,1,0,1,8,1,0,1,9,2,0,3,0,3,0,1,0,3,0,21,3,32,0,1,0,0,3,0,8,3,0,2,1,0,0,2,0,0,3,0,5,3,0,5,1,74,3,1,0,0,0,11,86,27,50,it hasn't influenced me,I honestly don't know. How much of the information the AI provided was retained. Maybe some people had a more negative response to AI to see if the retention was better,NA,sycophantic
ai,2026-05-14T06:21:20Z,2026-05-14T06:34:12Z,771,2026-05-14T06:34:13Z,R_8U9j65mLdiF9dcu,6a036403ec91668f45a7263e,67,4,21,2,1,4,7,44.7,0.5,0.3,6.8,49.4,48,6,4,5,100,1,0,1,0,2,6,3,9,1,11,3,5,1,13,1,10,1,9,1,2,46,44,3,0,42,1,38,11,1,73,68,2,59,55,3,46,43,2,60,26,1,67,77,2,28,59,2,77,75,22,31,76,12,53,Positively,AI responses,NA,sycophantic
ai,2026-05-14T06:21:02Z,2026-05-14T06:49:33Z,1710,2026-05-14T06:49:34Z,R_8HEN8Ukf7EjgnKx,6a04ac9c6d9566fe25cda6b4,37,4,46,4,8,5,7,58.5,0.4,0.3,32.8,51,72,26,3,41,41,3,35,3,49,3,38,3,13,2,19,3,29,1,30,1,50,3,24,31,1,70,75,3,38,65,3,58,60,2,43,66,1,45,58,3,58,43,3,32,54,1,47,49,2,73,74,3,46,5,41,51,82,33,43,great feedback!,"Knowledge of Philosophy, patience, ability to retain information",mind stimulation,sycophantic
ai,2026-05-14T06:20:53Z,2026-05-14T06:41:47Z,1253,2026-05-14T06:41:47Z,R_8EtrPCUhsl53Q5l,69fc81d534c933fe5248a7cb,85,4,32,2,2,6,2,68.4,0.7,0.5,41.1,52.9,69,56,3,47,100,3,15,1,100,1,100,1,12,3,19,3,45,1,31,2,18,1,24,60,1,100,91,3,69,82,2,23,74,1,100,75,1,71,26,2,9,69,2,33,70,1,24,60,1,69,55,3,31,0,82,41,53,56,50,It provided information in an accessible and easy to understand way,Maybe the usefulness of AI in feedback in educational contexts,NA,sycophantic
ai,2026-05-14T06:20:51Z,2026-05-14T06:42:50Z,1319,2026-05-14T06:42:51Z,R_8VroG2YW0paHyW4,5e51c7f1df9ae92099c875f1,16,4,33,1,2,4,2,49.6,0.3,0.4,17.1,26.9,5,28,3,35,100,1,0,3,5,3,40,2,43,3,12,3,2,1,5,2,29,1,0,11,1,62,70,2,23,75,3,21,26,2,17,41,3,0,40,1,2,37,3,58,56,3,68,50,1,0,38,1,18,12,63,1,5,18,48,It has taught me a brief detail about concepts that I was unsure about,How we interpret philosophy,Not at this time thank you,sycophantic
ai,2026-05-14T06:20:34Z,2026-05-14T06:36:29Z,955,2026-05-14T06:36:30Z,R_2TY6q9gEHuX4MhV,6a022ea3eda187a1f5691718,0,4,27,1,1,5,2,61.9,0.6,0.6,41.9,43.7,67,57,4,19,100,1,29,1,7,1,86,1,64,3,30,3,84,1,0,1,12,1,88,31,1,22,63,3,74,32,1,51,68,1,72,71,3,7,82,1,15,50,3,28,71,1,60,60,1,39,39,3,69,0,83,21,59,60,49,"It has not influenced me particularly. The main influence to go and investigate more is only through learning about the concepts, not due to the AI being particularly persuasive.",The ability to provide feedback by an AI and if it can influence behaviour/be used as a learning tool.,None,sycophantic
ai,2026-05-14T06:20:34Z,2026-05-14T06:43:11Z,1357,2026-05-14T06:43:12Z,R_2ma6QaFFiwzkVk8,69ff4de4b8e94eee5ae18a09,55,4,56,2,1,7,7,81.1,0.5,0.4,11.6,22.7,65,20,3,25,100,2,0,2,0,1,0,2,0,1,11,3,69,1,0,2,11,1,0,60,1,71,73,3,0,63,1,0,67,3,64,99,2,20,88,1,0,69,3,0,91,1,0,73,3,0,100,2,72,0,88,11,51,52,52,"Encouraged by them, even when my answer was wrong.",Knowledge of Philosophy,A very interesting topic on which I realise I know quite little about. I will be looking for Philosophy books when I next visit the library. Thank you for the study.,sycophantic
ai,2026-05-14T06:20:31Z,2026-05-14T06:35:51Z,919,2026-05-14T06:35:51Z,R_22l4Fr3Q6jf5orM,69fceb8e585a4cd6e9401180,76,4,25,2,1,3,3,78.4,0.7,0.5,20.8,29.9,73,32,2,0,100,3,21,1,16,1,6,1,0,1,9,3,40,1,40,2,72,1,4,51,1,36,100,1,31,0,1,36,100,3,33,100,1,24,83,3,22,15,2,18,100,2,31,100,2,27,100,1,41,100,86,31,67,26,49,No,How AI feedback can influnce your memory and understanding,"My computer mouse glitched about 2/3 of the way through in the middle of the 2nd task, i clicked the incorrect space on the slider. But other than that the study was super interesting! : )",sycophantic
ai,2026-05-14T06:20:30Z,2026-05-14T06:40:25Z,1194,2026-05-14T06:40:26Z,R_3JOr0ESt05KU0lK,69b15e24eeb24864e28e5fff,0,4,44,2,1,3,1,0,0.8,0,0,0,13,20,3,0,100,1,0,1,0,1,0,1,0,1,0,3,0,1,0,1,0,1,0,21,2,0,0,2,0,0,3,0,0,3,0,0,2,0,0,2,0,0,3,0,0,2,0,0,3,0,0,3,0,0,0,1,13,0,48,It didnt influence me. Just informed me if I was right or wrong,not sure,no thank you,sycophantic
ai,2026-05-14T06:20:28Z,2026-05-14T06:35:47Z,918,2026-05-14T06:35:47Z,R_2kdACFQU4doZ47L,6a01bd02a86498d29c396d83,91,4,26,1,1,4,2,87.7,0.8,0.7,72,57.2,83,64,2,47,100,3,76,1,92,1,84,1,62,1,79,3,73,1,90,1,43,1,74,80,3,33,91,1,78,90,1,66,86,1,66,100,1,37,77,1,74,100,1,78,82,1,26,69,3,47,93,2,67,99,89,51,92,75,52,"It has, to look into more of these topics",An understanding of basic philosophy,NA,sycophantic
ai,2026-05-14T06:20:25Z,2026-05-14T06:34:15Z,830,2026-05-14T06:34:16Z,R_2M2sYjNPe2i9hrH,69f441604639650abe4c0f4d,3,4,36,2,1,4,5,4.3,0.6,0.4,7.2,6.9,77,35,3,3,100,2,3,1,43,1,13,1,0,1,5,3,0,1,2,2,2,2,1,11,1,5,5,1,7,7,1,5,4,3,38,3,1,2,10,2,3,3,2,2,3,2,2,3,3,3,3,2,2,2,2,11,71,9,49,It hasnt influenced me,how good the AI is,No,sycophantic
ai,2026-05-14T06:20:25Z,2026-05-14T06:36:16Z,951,2026-05-14T06:36:18Z,R_2Fnu3z9qjxAIyiJ,6a0051953facbb9d22693030,82,4,26,1,1,4,3,94.7,0.5,0.6,26,62,100,50,4,0,100,2,0,1,0,3,84,1,5,1,0,3,48,1,23,1,100,2,0,51,1,63,100,1,51,100,3,53,50,3,100,100,1,100,100,1,5,100,2,48,97,1,100,100,1,100,100,2,0,0,100,70,83,51,49,I feel it fed me some of the answers to the 2nd quiz which I wouldn't have got otherwise.,I think you are testing an AI powered revision tool/ recall method in concept,NA,sycophantic
